Match,TeamInnings,BattingPosition,BatsmanName,Runs,Balls,4s,6s,StrikeRate,Out/Not Out,Matchid
KKR vs SRH,SRH,8,Abdul Samad,4,4,0,0,100,Out,IPL24 #71
RR vs SRH,SRH,7,Abdul Samad,0,1,0,0,0,Out,IPL24 #70
KKR vs SRH,SRH,7,Abdul Samad,16,12,0,2,133.33,Out,IPL24 #68
SRH vs Punjab Kings,SRH,7,Abdul Samad,11,8,0,1,137.5,Not-Out,IPL24 #67
MI vs SRH,SRH,8,Abdul Samad,3,4,0,0,75,Out,IPL24 #55
CSK vs SRH,SRH,7,Abdul Samad,19,18,1,1,105.55,Out,IPL24 #46
SRH vs RCB,SRH,7,Abdul Samad,10,6,0,1,166.66,Out,IPL24 #41
DC vs SRH,SRH,7,Abdul Samad,13,8,1,1,162.5,Out,IPL24 #35
RCB vs SRH,SRH,5,Abdul Samad,37,10,4,3,370,Not-Out,IPL24 #30
Punjab Kings vs SRH,SRH,7,Abdul Samad,25,12,5,0,208.33,Not-Out,IPL24 #23
GT vs SRH,SRH,8,Abdul Samad,29,14,3,1,207.14,Out,IPL24 #12
KKR vs SRH,SRH,6,Abdul Samad,15,11,1,1,136.36,Out,IPL24 #3
GT vs DC,GT,5,Abhinav Manohar,8,14,1,0,57.14,Out,IPL24 #32
RR vs GT,GT,4,Abhinav Manohar,1,2,0,0,50,Out,IPL24 #24
KKR vs SRH,SRH,1,Abhishek Sharma,2,5,0,0,40,Out,IPL24 #71
RR vs SRH,SRH,2,Abhishek Sharma,12,5,1,1,240,Out,IPL24 #70
KKR vs SRH,SRH,2,Abhishek Sharma,3,4,0,0,75,Out,IPL24 #68
SRH vs Punjab Kings,SRH,2,Abhishek Sharma,66,28,5,6,235.71,Out,IPL24 #67
SRH vs LSG,SRH,1,Abhishek Sharma,75,28,8,6,267.85,Not-Out,IPL24 #57
MI vs SRH,SRH,2,Abhishek Sharma,11,16,0,1,68.75,Out,IPL24 #55
SRH vs RR,SRH,2,Abhishek Sharma,12,10,0,1,120,Out,IPL24 #50
CSK vs SRH,SRH,2,Abhishek Sharma,15,9,1,1,166.66,Out,IPL24 #46
SRH vs RCB,SRH,1,Abhishek Sharma,31,13,3,2,238.46,Out,IPL24 #41
DC vs SRH,SRH,2,Abhishek Sharma,46,12,2,6,383.33,Out,IPL24 #35
RCB vs SRH,SRH,1,Abhishek Sharma,34,22,2,2,154.54,Out,IPL24 #30
Punjab Kings vs SRH,SRH,2,Abhishek Sharma,16,11,2,1,145.45,Out,IPL24 #23
SRH vs CSK,SRH,2,Abhishek Sharma,37,12,3,4,308.33,Out,IPL24 #18
GT vs SRH,SRH,3,Abhishek Sharma,29,20,2,2,145,Out,IPL24 #12
SRH vs MI,SRH,3,Abhishek Sharma,63,23,3,7,273.91,Out,IPL24 #8
KKR vs SRH,SRH,2,Abhishek Sharma,32,19,4,2,168.42,Out,IPL24 #3
DC vs LSG,DC,2,Abhishek Porel,58,33,5,4,175.75,Out,IPL24 #63
RCB vs DC,DC,3,Abhishek Porel,2,3,0,0,66.66,Out,IPL24 #62
DC vs RR,DC,2,Abhishek Porel,65,36,7,3,180.55,Out,IPL24 #56
KKR vs DC,DC,3,Abhishek Porel,18,15,2,1,120,Out,IPL24 #47
DC vs MI,DC,2,Abhishek Porel,36,27,3,1,133.33,Out,IPL24 #43
DC vs SRH,DC,4,Abhishek Porel,42,22,7,1,190.9,Out,IPL24 #35
GT vs DC,DC,3,Abhishek Porel,15,7,2,1,214.28,Out,IPL24 #32
MI vs DC,DC,3,Abhishek Porel,41,31,5,0,132.25,Out,IPL24 #20
DC vs KKR,DC,4,Abhishek Porel,0,5,0,0,0,Out,IPL24 #16
DC vs CSK,DC,7,Abhishek Porel,9,6,1,0,150,Not-Out,IPL24 #13
RR vs DC,DC,6,Abhishek Porel,9,10,0,0,90,Out,IPL24 #9
Punjab Kings vs DC,DC,9,Abhishek Porel,32,10,4,2,320,Not-Out,IPL24 #2
KKR vs SRH,SRH,4,Aiden Markram,20,23,3,0,86.95,Out,IPL24 #71
RR vs SRH,SRH,4,Aiden Markram,1,2,0,0,50,Out,IPL24 #70
CSK vs SRH,SRH,4,Aiden Markram,32,26,4,0,123.07,Out,IPL24 #46
SRH vs RCB,SRH,3,Aiden Markram,7,8,1,0,87.5,Out,IPL24 #41
DC vs SRH,SRH,3,Aiden Markram,1,3,0,0,33.33,Out,IPL24 #35
RCB vs SRH,SRH,4,Aiden Markram,32,17,2,2,188.23,Not-Out,IPL24 #30
Punjab Kings vs SRH,SRH,3,Aiden Markram,0,2,0,0,0,Out,IPL24 #23
SRH vs CSK,SRH,3,Aiden Markram,50,36,4,1,138.88,Out,IPL24 #18
GT vs SRH,SRH,4,Aiden Markram,17,19,0,0,89.47,Out,IPL24 #12
SRH vs MI,SRH,4,Aiden Markram,42,28,2,1,150,Not-Out,IPL24 #8
KKR vs SRH,SRH,4,Aiden Markram,18,13,2,0,138.46,Out,IPL24 #3
RCB vs CSK,CSK,4,Ajinkya Rahane,33,22,3,1,150,Out,IPL24 #66
GT vs CSK,CSK,1,Ajinkya Rahane,1,5,0,0,20,Out,IPL24 #59
Punjab Kings vs CSK,CSK,1,Ajinkya Rahane,9,7,1,0,128.57,Out,IPL24 #53
CSK vs Punjab Kings,CSK,1,Ajinkya Rahane,29,24,5,0,120.83,Out,IPL24 #49
CSK vs SRH,CSk,1,Ajinkya Rahane,9,12,1,0,75,Out,IPL24 #46
CSK vs LSG,CSk,1,Ajinkya Rahane,1,3,0,0,33.33,Out,IPL24 #39
LSG vs CSK,CSK,1,Ajinkya Rahane,36,24,5,1,150,Out,IPL24 #34
MI vs CSK,CSK,1,Ajinkya Rahane,5,8,1,0,62.5,Out,IPL24 #29
SRH vs CSK,CSK,3,Ajinkya Rahane,35,30,2,1,116.66,Out,IPL24 #18
DC vs CSK,CSK,3,Ajinkya Rahane,45,30,5,2,150,Out,IPL24 #13
CSK vs GT,CSK,3,Ajinkya Rahane,12,12,0,0,100,Out,IPL24 #7
CSK vs RCB,CSK,3,Ajinkya Rahane,27,19,0,2,142.1,Out,IPL24 #1
MI vs RCB,RCB,10,Akash Deep,2,2,0,0,100,Not-Out,IPL24 #25
MI vs RR,MI,11,Akash Madhwal,4,5,0,0,80,Not-Out,IPL24 #14
KKr vs MI,KKR,6,Andre Russell,24,14,2,2,171.42,Out,IPL24 #60
LSG vs KKR,KKR,4,Andre Russell,12,8,1,1,150,Out,IPL24 #54
MI vs KKR,KKR,8,Andre Russell,7,2,0,1,350,Out,IPL24 #51
KKR vs Punjab Kings,KKR,4,Andre Russell,24,12,2,2,200,Out,IPL24 #42
KKR vs RCB,KKR,7,Andre Russell,27,20,4,0,135,Not-Out,IPL24 #36
KKR vs RR,KKR,5,Andre Russell,13,10,2,0,130,Out,IPL24 #31
CSK vs KKR,KKR,8,Andre Russell,10,10,2,0,100,Out,IPL24 #22
DC vs KKR,KKR,4,Andre Russell,41,19,4,3,215.78,Out,IPL24 #16
KKR vs SRH,KKR,8,Andre Russell,64,25,3,7,256,Not-Out,IPL24 #3
LSG vs KKR,KKR,3,Angkrish Raghuvanshi,32,26,3,1,123.07,Out,IPL24 #54
MI vs KKR,KKR,3,Angkrish Raghuvanshi,13,6,0,2,216.66,Out,IPL24 #51
KKR vs RCB,KKR,3,Angkrish Raghuvanshi,3,4,0,0,75,Out,IPL24 #36
KKR vs RR,KKR,3,Angkrish Raghuvanshi,30,18,5,0,166.66,Out,IPL24 #31
KKR vs LSG,KKR,3,Angkrish Raghuvanshi,7,6,0,1,116.66,Out,IPL24 #28
CSK vs KKR,KKR,3,Angkrish Raghuvanshi,24,18,3,1,133.33,Out,IPL24 #22
DC vs KKR,KKR,3,Angkrish Raghuvanshi,54,27,5,3,200,Out,IPL24 #16
SRH vs RR,SRH,3,Anmolpreet Singh,5,5,1,0,100,Out,IPL24 #50
CSK vs SRH,SRH,3,Anmolpreet Singh,0,1,0,0,0,Out,IPL24 #46
DC vs SRH,DC,9,Anrich Nortje,0,2,0,0,0,Out,IPL24 #35
DC vs KKR,DC,10,Anrich Nortje,4,6,0,0,66.66,Out,IPL24 #16
KKr vs MI,MI,9,Anshul Kamboj,2,2,0,0,100,Not-Out,IPL24 #60
RCB vs SRH,RCB,8,Anuj Rawat,25,14,5,0,178.57,Not-Out,IPL24 #30
RCB vs LSG,RCB,6,Anuj Rawat,11,21,0,0,52.38,Out,IPL24 #15
RCB vs KKR,RCB,6,Anuj Rawat,3,3,0,0,100,Out,IPL24 #10
RCB vs Punjab Kings,RCB,6,Anuj Rawat,11,14,1,0,78.57,Out,IPL24 #6
CSK vs RCB,RCB,6,Anuj Rawat,48,25,4,3,192,Out,IPL24 #1
CSK vs KKR,KKR,9,Anukul Roy,3,3,0,0,100,Not-Out,IPL24 #22
MI vs LSG,LSG,6,Arshad Khan,0,1,0,0,0,Out,IPL24 #65
DC vs LSG,LSG,8,Arshad Khan,58,33,3,5,175.75,Not-Out,IPL24 #63
KKR vs LSG,LSG,8,Arshad Khan,5,4,1,0,125,Out,IPL24 #28
LSG vs DC,LSG,9,Arshad Khan,20,16,2,0,125,Not-Out,IPL24 #26
Punjab Kings vs RCB,Punjab Kings,11,Arshdeep Singh,4,3,1,0,133.33,Out,IPL24 #58
LSG vs KKR,LSG,2,Arshin Kulkarni,9,7,2,0,128.57,Out,IPL24 #54
LSG vs MI,LSG,2,Arshin Kulkarni,0,1,0,0,0,Out,IPL24 #48
LSG vs KKR,LSG,7,Ashton Turner,16,9,0,2,177.77,Out,IPL24 #54
LSG vs MI,LSG,6,Ashton Turner,5,9,0,0,55.55,Out,IPL24 #48
SRH vs Punjab Kings,Punjab Kings,6,Ashutosh Sharma,2,3,0,0,66.66,Out,IPL24 #67
RR vs Punjab Kings,Punjab Kings,7,Ashutosh Sharma,17,11,1,1,154.54,Not-Out,IPL24 #64
Punjab Kings vs RCB,Punjab Kings,8,Ashutosh Sharma,8,5,0,1,160,Out,IPL24 #58
Punjab Kings vs CSK,Punjab Kings,7,Ashutosh Sharma,3,10,0,0,30,Out,IPL24 #53
Punjab Kings vs GT,Punjab Kings,7,Ashutosh Sharma,3,8,0,0,37.5,Out,IPL24 #37
Punjab Kings vs MI,Punjab Kings,8,Ashutosh Sharma,61,28,2,7,217.85,Out,IPL24 #33
Punjab Kings vs RR,Punjab Kings,8,Ashutosh Sharma,31,16,1,3,193.75,Out,IPL24 #27
Punjab Kings vs SRH,Punjab Kings,8,Ashutosh Sharma,33,15,3,2,220,Not-Out,IPL24 #23
GT vs Punjab Kings,Punjab Kings,8,Ashutosh Sharma,31,17,3,1,182.35,Out,IPL24 #17
SRH vs Punjab Kings,Punjab Kings,1,Atharva Taide,46,27,5,2,170.37,Out,IPL24 #67
Punjab Kings vs RR,Punjab Kings,1,Atharva Taide,15,12,2,0,125,Out,IPL24 #27
RR vs Punjab Kings,RR,10,Avesh Khan,3,2,0,0,150,Not-Out,IPL24 #64
DC vs RR,RR,10,Avesh Khan,7,3,1,0,233.33,Not-Out,IPL24 #56
KKR vs RR,RR,10,Avesh Khan,0,0,0,0,0,Not-Out,IPL24 #31
DC vs LSG,DC,6,Axar Patel,14,10,2,0,140,Not-Out,IPL24 #63
RCB vs DC,DC,6,Axar Patel,57,39,5,3,146.15,Out,IPL24 #62
DC vs RR,DC,4,Axar Patel,15,10,1,1,150,Out,IPL24 #56
KKR vs DC,DC,6,Axar Patel,15,21,2,0,71.42,Out,IPL24 #47
DC vs MI,DC,6,Axar Patel,11,6,0,1,183.33,Not-Out,IPL24 #43
DC vs GT,DC,3,Axar Patel,66,43,5,4,153.48,Out,IPL24 #40
DC vs SRH,DC,8,Axar Patel,6,8,0,0,75,Out,IPL24 #35
MI vs DC,DC,6,Axar Patel,8,7,1,0,114.28,Out,IPL24 #20
DC vs KKR,DC,7,Axar Patel,0,1,0,0,0,Out,IPL24 #16
DC vs CSK,DC,6,Axar Patel,7,8,0,0,87.5,Not-Out,IPL24 #13
RR vs DC,DC,7,Axar Patel,15,13,1,0,115.38,Not-Out,IPL24 #9
Punjab Kings vs DC,DC,7,Axar Patel,21,13,2,1,161.53,Out,IPL24 #2
MI vs LSG,LSG,7,Ayush Badoni,22,10,1,2,220,Not-Out,IPL24 #65
DC vs LSG,LSG,6,Ayush Badoni,6,9,0,0,66.66,Out,IPL24 #63
SRH vs LSG,LSG,6,Ayush Badoni,55,30,9,0,183.33,Not-Out,IPL24 #57
LSG vs KKR,LSG,6,Ayush Badoni,15,12,0,1,125,Out,IPL24 #54
LSG vs MI,LSG,7,Ayush Badoni,6,6,1,0,100,Out,IPL24 #48
LSG vs RR,LSG,6,Ayush Badoni,18,13,1,0,138.46,Not-Out,IPL24 #44
KKR vs LSG,LSG,4,Ayush Badoni,29,27,2,1,107.4,Out,IPL24 #28
LSG vs DC,LSG,7,Ayush Badoni,55,35,5,1,157.14,Not-Out,IPL24 #26
LSG vs GT,LSG,6,Ayush Badoni,20,11,3,0,181.81,Out,IPL24 #21
RCB vs LSG,LSG,6,Ayush Badoni,0,3,0,0,0,Out,IPL24 #15
LSG vs Punjab Kings,LSG,6,Ayush Badoni,8,10,0,0,80,Out,IPL24 #11
RR vs LSG,LSG,4,Ayush Badoni,1,5,0,0,20,Out,IPL24 #4
DC vs GT,GT,4,Azmatullah Omarzai,1,2,0,0,50,Out,IPL24 #40
Punjab Kings vs GT,GT,5,Azmatullah Omarzai,13,10,0,1,130,Out,IPL24 #37
CSK vs GT,GT,6,Azmatullah Omarzai,11,10,1,0,110,Out,IPL24 #7
GT vs MI,GT,4,Azmatullah Omarzai,17,11,1,1,154.54,Out,IPL24 #5
KKR vs SRH,SRH,11,Bhuvneshwar Kumar,0,1,0,0,0,Not-Out,IPL24 #71
KKR vs SRH,SRH,10,Bhuvneshwar Kumar,0,4,0,0,0,Out,IPL24 #68
CSK vs SRH,SRH,10,Bhuvneshwar Kumar,4,3,0,0,133.33,Not-Out,IPL24 #46
SRH vs RCB,SRH,9,Bhuvneshwar Kumar,13,13,3,0,100,Out,IPL24 #41
Punjab Kings vs SRH,SRH,10,Bhuvneshwar Kumar,6,8,0,0,75,Out,IPL24 #23
LSG vs GT,GT,4,B R Sharath,2,5,0,0,40,Out,IPL24 #21
RR vs RCB,RCB,3,Cameron Green,27,21,2,1,128.57,Out,IPL24 #69
RCB vs CSK,RCB,4,Cameron Green,38,17,3,3,223.52,Not-Out,IPL24 #66
RCB vs DC,RCB,5,Cameron Green,32,24,1,2,133.33,Not-Out,IPL24 #62
Punjab Kings vs RCB,RCB,5,Cameron Green,46,27,5,1,170.37,Out,IPL24 #58
RCB vs GT,RCB,6,Cameron Green,1,2,0,0,50,Out,IPL24 #52
SRH vs RCB,RCB,5,Cameron Green,37,20,5,0,185,Not-Out,IPL24 #41
KKR vs RCB,RCB,5,Cameron Green,6,4,0,1,150,Out,IPL24 #36
RR vs RCB,RCB,5,Cameron Green,5,6,0,0,83.33,Not-Out,IPL24 #19
RCB vs LSG,RCB,5,Cameron Green,9,9,1,0,100,Out,IPL24 #15
RCB vs KKR,RCB,3,Cameron Green,33,21,4,2,157.14,Out,IPL24 #10
RCB vs Punjab Kings,RCB,3,Cameron Green,3,5,0,0,60,Out,IPL24 #6
CSK vs RCB,RCB,5,Cameron Green,18,22,1,0,81.81,Out,IPL24 #1
LSG vs GT,GT,6,Darshan Nalkande,12,11,0,1,109.09,Out,IPL24 #21
RCB vs CSK,CSK,3,Daryl Mitchell,4,6,0,0,66.66,Out,IPL24 #66
CSK vs RR,CSK,3,Daryl Mitchell,22,13,4,0,169.23,Out,IPL24 #61
GT vs CSK,CSK,4,Daryl Mitchell,63,34,7,3,185.29,Out,IPL24 #59
Punjab Kings vs CSK,CSK,3,Daryl Mitchell,30,19,2,1,157.89,Out,IPL24 #53
CSK vs Punjab Kings,CSK,8,Daryl Mitchell,1,1,0,0,100,Not-Out,IPL24 #49
CSK vs SRH,CSk,3,Daryl Mitchell,52,32,7,1,162.5,Out,IPL24 #46
CSK vs LSG,CSk,3,Daryl Mitchell,11,10,1,0,110,Out,IPL24 #39
MI vs CSK,CSK,5,Daryl Mitchell,17,14,1,0,121.42,Out,IPL24 #29
CSK vs KKR,CSK,3,Daryl Mitchell,25,19,1,1,131.57,Out,IPL24 #22
SRH vs CSK,CSK,6,Daryl Mitchell,13,11,1,0,118.18,Out,IPL24 #18
DC vs CSK,CSK,4,Daryl Mitchell,34,26,1,2,130.76,Out,IPL24 #13
CSK vs GT,CSK,5,Daryl Mitchell,24,20,2,0,120,Not-Out,IPL24 #7
CSK vs RCB,CSK,4,Daryl Mitchell,22,18,0,2,122.22,Out,IPL24 #1
GT vs CSK,GT,3,David Miller,16,11,1,0,145.45,Not-Out,IPL24 #59
RCB vs GT,GT,5,David Miller,30,20,3,2,150,Out,IPL24 #52
GT vs RCB,GT,5,David Miller,26,19,2,1,136.84,Not-Out,IPL24 #45
DC vs GT,GT,5,David Miller,55,23,6,3,239.13,Out,IPL24 #40
Punjab Kings vs GT,GT,4,David Miller,4,6,0,0,66.66,Out,IPL24 #37
GT vs DC,GT,4,David Miller,2,6,0,0,33.33,Out,IPL24 #32
GT vs SRH,GT,4,David Miller,44,27,4,2,162.96,Not-Out,IPL24 #12
CSK vs GT,GT,5,David Miller,21,16,3,0,131.25,Out,IPL24 #7
GT vs MI,GT,5,David Miller,12,11,1,0,109.09,Out,IPL24 #5
RCB vs DC,DC,1,David Warner,1,2,0,0,50,Out,IPL24 #62
DC vs SRH,DC,2,David Warner,1,3,0,0,33.33,Out,IPL24 #35
LSG vs DC,DC,2,David Warner,8,9,1,0,88.88,Out,IPL24 #26
MI vs DC,DC,2,David Warner,10,8,1,1,125,Out,IPL24 #20
DC vs KKR,DC,1,David Warner,18,13,2,1,138.46,Out,IPL24 #16
DC vs CSK,DC,2,David Warner,52,35,5,3,148.57,Out,IPL24 #13
RR vs DC,DC,1,David Warner,49,34,5,3,144.11,Out,IPL24 #9
Punjab Kings vs DC,DC,1,David Warner,29,21,3,2,138.09,Out,IPL24 #2
MI vs LSG,LSG,4,Deepak Hooda,11,9,1,0,122.22,Out,IPL24 #65
DC vs LSG,LSG,4,Deepak Hooda,0,2,0,0,0,Out,IPL24 #63
LSG vs KKR,LSG,4,Deepak Hooda,5,3,1,0,166.66,Out,IPL24 #54
LSG vs MI,LSG,4,Deepak Hooda,18,18,2,0,100,Out,IPL24 #48
LSG vs RR,LSG,4,Deepak Hooda,50,31,7,0,161.29,Out,IPL24 #44
CSK vs LSG,LSG,6,Deepak Hooda,17,6,2,1,283.33,Not-Out,IPL24 #39
KKR vs LSG,LSG,3,Deepak Hooda,8,10,1,0,80,Out,IPL24 #28
LSG vs DC,LSG,6,Deepak Hooda,10,13,0,0,76.92,Out,IPL24 #26
RR vs LSG,LSG,5,Deepak Hooda,26,13,2,2,200,Out,IPL24 #4
MI vs LSG,LSG,2,Devdutt Padikkal,0,1,0,0,0,Out,IPL24 #65
CSK vs LSG,LSG,4,Devdutt Padikkal,13,19,0,0,68.42,Out,IPL24 #39
LSG vs DC,LSG,3,Devdutt Padikkal,3,6,0,0,50,Out,IPL24 #26
LSG vs GT,LSG,3,Devdutt Padikkal,7,7,1,0,100,Out,IPL24 #21
RCB vs LSG,LSG,3,Devdutt Padikkal,6,11,0,0,54.54,Out,IPL24 #15
LSG vs Punjab Kings,LSG,3,Devdutt Padikkal,9,6,2,0,150,Out,IPL24 #11
RR vs LSG,LSG,3,Devdutt Padikkal,0,3,0,0,0,Out,IPL24 #4
MI vs LSG,MI,2,Dewald Brevis,23,20,1,2,115,Out,IPL24 #65
MI vs RR,MI,4,Dewald Brevis,0,1,0,0,0,Out,IPL24 #14
GT vs MI,MI,4,Dewald Brevis,46,38,2,3,121.05,Out,IPL24 #5
RR vs SRH,RR,5,Dhruv Jurel,56,35,7,2,160,Not-Out,IPL24 #70
RR vs RCB,RR,5,Dhruv Jurel,8,8,1,0,100,Out,IPL24 #69
RR vs Punjab Kings,RR,6,Dhruv Jurel,0,1,0,0,0,Out,IPL24 #64
CSK vs RR,RR,5,Dhruv Jurel,28,18,1,2,155.55,Out,IPL24 #61
SRH vs RR,RR,7,Dhruv Jurel,1,3,0,0,33.33,Out,IPL24 #50
LSG vs RR,RR,5,Dhruv Jurel,52,34,5,2,152.94,Not-Out,IPL24 #44
KKR vs RR,RR,5,Dhruv Jurel,2,4,0,0,50,Out,IPL24 #31
Punjab Kings vs RR,RR,5,Dhruv Jurel,6,11,0,0,54.54,Out,IPL24 #27
RR vs RCB,RR,5,Dhruv Jurel,2,3,0,0,66.66,Out,IPL24 #19
RR vs DC,RR,6,Dhruv Jurel,20,12,3,0,166.66,Out,IPL24 #9
RR vs LSG,RR,6,Dhruv Jurel,20,12,1,1,166.66,Not-Out,IPL24 #4
RR vs RCB,RCB,7,Dinesh Karthik,11,13,1,0,84.61,Out,IPL24 #69
RCB vs CSK,RCB,5,Dinesh Karthik,14,6,1,1,233.33,Out,IPL24 #66
RCB vs DC,RCB,7,Dinesh Karthik,0,2,0,0,0,Out,IPL24 #62
Punjab Kings vs RCB,RCB,6,Dinesh Karthik,18,7,1,2,257.14,Out,IPL24 #58
RCB vs GT,RCB,7,Dinesh Karthik,21,12,3,0,175,Not-Out,IPL24 #52
SRH vs RCB,RCB,7,Dinesh Karthik,11,6,2,0,183.33,Out,IPL24 #41
KKR vs RCB,RCB,8,Dinesh Karthik,25,18,3,1,138.88,Out,IPL24 #36
RCB vs SRH,RCB,6,Dinesh Karthik,83,35,5,7,237.14,Out,IPL24 #30
MI vs RCB,RCB,6,Dinesh Karthik,53,23,5,4,230.43,Not-Out,IPL24 #25
RCB vs LSG,RCB,8,Dinesh Karthik,4,8,0,0,50,Out,IPL24 #15
RCB vs KKR,RCB,7,Dinesh Karthik,20,8,0,3,250,Out,IPL24 #10
RCB vs Punjab Kings,RCB,7,Dinesh Karthik,28,10,3,2,280,Not-Out,IPL24 #6
CSK vs RCB,RCB,7,Dinesh Karthik,38,26,3,2,146.15,Not-Out,IPL24 #1
RR vs Punjab Kings,RR,8,Donovan Ferreira,7,8,0,0,87.5,Out,IPL24 #64
DC vs RR,RR,7,Donovan Ferreira,1,3,0,0,33.33,Out,IPL24 #56
RR vs RCB,RCB,2,Faf du Plessis,17,14,2,1,121.42,Out,IPL24 #69
RCB vs CSK,RCB,2,Faf du Plessis,54,39,3,3,138.46,Out,IPL24 #66
RCB vs DC,RCB,2,Faf du Plessis,6,7,1,0,85.71,Out,IPL24 #62
Punjab Kings vs RCB,RCB,2,Faf du Plessis,9,7,2,0,128.57,Out,IPL24 #58
RCB vs GT,RCB,2,Faf du Plessis,64,23,10,3,278.26,Out,IPL24 #52
GT vs RCB,RCB,2,Faf du Plessis,24,12,1,3,200,Out,IPL24 #45
SRH vs RCB,RCB,2,Faf du Plessis,25,12,3,1,208.33,Out,IPL24 #41
KKR vs RCB,RCB,2,Faf du Plessis,7,7,1,0,100,Out,IPL24 #36
RCB vs SRH,RCB,2,Faf du Plessis,62,28,7,4,221.42,Out,IPL24 #30
MI vs RCB,RCB,2,Faf du Plessis,61,40,4,3,152.5,Out,IPL24 #25
RR vs RCB,RCB,2,Faf du Plessis,44,33,2,2,133.33,Out,IPL24 #19
RCB vs LSG,RCB,2,Faf du Plessis,19,13,3,0,146.15,Out,IPL24 #15
RCB vs KKR,RCB,2,Faf du Plessis,8,6,0,1,133.33,Out,IPL24 #10
RCB vs Punjab Kings,RCB,2,Faf du Plessis,3,7,0,0,42.85,Out,IPL24 #6
CSK vs RCB,RCB,2,Faf du Plessis,35,23,8,0,152.17,Out,IPL24 #1
MI vs KKR,MI,9,Gerald Coetzee,8,7,0,1,114.28,Out,IPL24 #51
LSG vs MI,MI,9,Gerald Coetzee,1,2,0,0,50,Not-Out,IPL24 #48
RR vs MI,MI,9,Gerald Coetzee,0,1,0,0,0,Out,IPL24 #38
MI vs RR,MI,9,Gerald Coetzee,4,9,0,0,44.44,Out,IPL24 #14
GT vs MI,MI,8,Gerald Coetzee,1,3,0,0,33.33,Out,IPL24 #5
RR vs RCB,RCB,5,Glenn Maxwell,0,1,0,0,0,Out,IPL24 #69
RCB vs CSK,RCB,6,Glenn Maxwell,16,5,2,1,320,Out,IPL24 #66
RCB vs GT,RCB,5,Glenn Maxwell,4,3,1,0,133.33,Out,IPL24 #52
MI vs RCB,RCB,5,Glenn Maxwell,0,4,0,0,0,Out,IPL24 #25
RR vs RCB,RCB,3,Glenn Maxwell,1,3,0,0,33.33,Out,IPL24 #19
RCB vs LSG,RCB,4,Glenn Maxwell,0,2,0,0,0,Out,IPL24 #15
RCB vs KKR,RCB,4,Glenn Maxwell,28,19,3,1,147.36,Out,IPL24 #10
RCB vs Punjab Kings,RCB,5,Glenn Maxwell,3,5,0,0,60,Out,IPL24 #6
CSK vs RCB,RCB,4,Glenn Maxwell,0,1,0,0,0,Out,IPL24 #1
DC vs RR,DC,7,Gulbadin Naib,19,15,1,1,126.66,Out,IPL24 #56
MI vs LSG,MI,5,Hardik Pandya,16,13,1,1,123.07,Out,IPL24 #65
KKr vs MI,MI,5,Hardik Pandya,2,4,0,0,50,Out,IPL24 #60
MI vs KKR,MI,7,Hardik Pandya,1,3,0,0,33.33,Out,IPL24 #51
LSG vs MI,MI,5,Hardik Pandya,0,1,0,0,0,Out,IPL24 #48
DC vs MI,MI,5,Hardik Pandya,46,24,4,3,191.66,Out,IPL24 #43
RR vs MI,MI,7,Hardik Pandya,10,10,1,0,100,Out,IPL24 #38
Punjab Kings vs MI,MI,5,Hardik Pandya,10,6,0,1,166.66,Out,IPL24 #33
MI vs CSK,MI,5,Hardik Pandya,2,6,0,0,33.33,Out,IPL24 #29
MI vs RCB,MI,4,Hardik Pandya,21,6,0,3,350,Not-Out,IPL24 #25
MI vs DC,MI,4,Hardik Pandya,39,33,3,1,118.18,Out,IPL24 #20
MI vs RR,MI,6,Hardik Pandya,34,21,6,0,161.9,Out,IPL24 #14
SRH vs MI,MI,5,Hardik Pandya,24,20,1,1,120,Out,IPL24 #8
GT vs MI,MI,7,Hardik Pandya,11,4,1,1,275,Out,IPL24 #5
Punjab Kings vs CSK,Punjab Kings,8,Harpreet Brar,17,13,2,0,130.76,Not-Out,IPL24 #53
Punjab Kings vs GT,Punjab Kings,9,Harpreet Brar,29,12,4,1,241.66,Out,IPL24 #37
Punjab Kings vs MI,Punjab Kings,9,Harpreet Brar,21,20,2,1,105,Out,IPL24 #33
Punjab Kings vs RR,Punjab Kings,9,Harpreet Brar,3,3,0,0,100,Not-Out,IPL24 #27
GT vs Punjab Kings,Punjab Kings,9,Harpreet Brar,1,2,0,0,50,Not-Out,IPL24 #17
RCB vs Punjab Kings,Punjab Kings,8,Harpreet Brar,2,2,0,0,100,Not-Out,IPL24 #6
Punjab Kings vs DC,Punjab Kings,8,Harpreet Brar,2,2,0,0,100,Not-Out,IPL24 #2
Punjab Kings vs GT,Punjab Kings,8,Harpreet Singh,14,19,0,0,73.68,Out,IPL24 #37
Punjab Kings vs MI,Punjab Kings,5,Harpreet Singh,13,15,2,0,86.66,Out,IPL24 #33
Punjab Kings vs RCB,Punjab Kings,9,Harshal Patel,0,1,0,0,0,Out,IPL24 #58
Punjab Kings vs CSK,Punjab Kings,9,Harshal Patel,12,13,1,1,92.3,Out,IPL24 #53
Punjab Kings vs GT,Punjab Kings,10,Harshal Patel,0,1,0,0,0,Out,IPL24 #37
Punjab Kings vs MI,Punjab Kings,10,Harshal Patel,1,4,0,0,25,Not-Out,IPL24 #33
KKR vs SRH,SRH,6,Heinrich Klaasen,16,17,1,0,94.11,Out,IPL24 #71
RR vs SRH,SRH,5,Heinrich Klaasen,50,34,0,4,147.05,Out,IPL24 #70
KKR vs SRH,SRH,6,Heinrich Klaasen,32,21,3,1,152.38,Out,IPL24 #68
SRH vs Punjab Kings,SRH,5,Heinrich Klaasen,42,26,3,2,161.53,Out,IPL24 #67
MI vs SRH,SRH,5,Heinrich Klaasen,2,4,0,0,50,Out,IPL24 #55
SRH vs RR,SRH,5,Heinrich Klaasen,42,19,3,3,221.05,Not-Out,IPL24 #50
CSK vs SRH,SRH,6,Heinrich Klaasen,20,21,0,1,95.23,Out,IPL24 #46
SRH vs RCB,SRH,5,Heinrich Klaasen,7,3,0,1,233.33,Out,IPL24 #41
DC vs SRH,SRH,4,Heinrich Klaasen,15,8,0,2,187.5,Out,IPL24 #35
RCB vs SRH,SRH,3,Heinrich Klaasen,67,31,2,7,216.12,Out,IPL24 #30
Punjab Kings vs SRH,SRH,6,Heinrich Klaasen,9,9,1,0,100,Out,IPL24 #23
SRH vs CSK,SRH,5,Heinrich Klaasen,10,11,1,0,90.9,Not-Out,IPL24 #18
GT vs SRH,SRH,5,Heinrich Klaasen,24,13,1,2,184.61,Out,IPL24 #12
SRH vs MI,SRH,5,Heinrich Klaasen,80,34,4,7,235.29,Not-Out,IPL24 #8
KKR vs SRH,SRH,5,Heinrich Klaasen,63,29,0,8,217.24,Out,IPL24 #3
MI vs LSG,MI,4,Ishan Kishan,14,15,1,0,93.33,Out,IPL24 #65
KKr vs MI,MI,1,Ishan Kishan,40,22,5,2,181.81,Out,IPL24 #60
MI vs SRH,MI,1,Ishan Kishan,9,7,2,0,128.57,Out,IPL24 #55
MI vs KKR,MI,1,Ishan Kishan,13,7,1,1,185.71,Out,IPL24 #51
LSG vs MI,MI,1,Ishan Kishan,32,36,3,0,88.88,Out,IPL24 #48
DC vs MI,MI,1,Ishan Kishan,20,14,4,0,142.85,Out,IPL24 #43
RR vs MI,MI,2,Ishan Kishan,0,3,0,0,0,Out,IPL24 #38
Punjab Kings vs MI,MI,1,Ishan Kishan,8,8,1,0,100,Out,IPL24 #33
MI vs CSK,MI,2,Ishan Kishan,23,15,3,1,153.33,Out,IPL24 #29
MI vs RCB,MI,1,Ishan Kishan,69,34,7,5,202.94,Out,IPL24 #25
MI vs DC,MI,2,Ishan Kishan,42,23,4,2,182.6,Out,IPL24 #20
MI vs RR,MI,1,Ishan Kishan,16,14,2,1,114.28,Out,IPL24 #14
SRH vs MI,MI,2,Ishan Kishan,34,13,2,4,261.53,Out,IPL24 #8
GT vs MI,MI,1,Ishan Kishan,0,4,0,0,0,Out,IPL24 #5
RCB vs DC,DC,11,Ishant Sharma,0,4,0,0,0,Not-Out,IPL24 #62
DC vs KKR,DC,11,Ishant Sharma,1,3,0,0,33.33,Not-Out,IPL24 #16
DC vs LSG,DC,1,Jake Fraser-McGurk,0,2,0,0,0,Out,IPL24 #63
RCB vs DC,DC,2,Jake Fraser-McGurk,21,8,2,2,262.5,Out,IPL24 #62
DC vs RR,DC,1,Jake Fraser-McGurk,50,20,7,3,250,Out,IPL24 #56
KKR vs DC,DC,2,Jake Fraser-McGurk,12,7,1,1,171.42,Out,IPL24 #47
DC vs MI,DC,1,Jake Fraser-McGurk,84,27,11,6,311.11,Out,IPL24 #43
DC vs GT,DC,2,Jake Fraser-McGurk,23,14,2,2,164.28,Out,IPL24 #40
DC vs SRH,DC,3,Jake Fraser-McGurk,65,18,5,7,361.11,Out,IPL24 #35
GT vs DC,DC,2,Jake Fraser-McGurk,20,10,2,2,200,Out,IPL24 #32
LSG vs DC,DC,3,Jake Fraser-McGurk,55,35,2,5,157.14,Out,IPL24 #26
MI vs KKR,MI,11,Jasprit Bumrah,1,1,0,0,100,Not-Out,IPL24 #51
RR vs MI,MI,11,Jasprit Bumrah,2,1,0,0,200,Not-Out,IPL24 #38
MI vs RR,MI,10,Jasprit Bumrah,8,9,1,0,88.88,Not-Out,IPL24 #14
GT vs MI,MI,11,Jasprit Bumrah,1,1,0,0,100,Not-Out,IPL24 #5
KKR vs SRH,SRH,10,Jaydev Unadkat,4,11,0,0,36.36,Out,IPL24 #71
RR vs SRH,SRH,10,Jaydev Unadkat,5,2,1,0,250,Out,IPL24 #70
CSK vs SRH,SRH,11,Jaydev Unadkat,1,2,0,0,50,Out,IPL24 #46
SRH vs RCB,SRH,10,Jaydev Unadkat,8,10,1,0,80,Not-Out,IPL24 #41
Punjab Kings vs SRH,SRH,11,Jaydev Unadkat,6,1,0,1,600,Not-Out,IPL24 #23
MI vs DC,DC,9,Jhye Richardson,2,2,0,0,100,Out,IPL24 #20
SRH vs Punjab Kings,Punjab Kings,5,Jitesh Sharma,32,15,2,2,213.33,Not-Out,IPL24 #67
RR vs Punjab Kings,Punjab Kings,6,Jitesh Sharma,22,20,0,2,110,Out,IPL24 #64
Punjab Kings vs RCB,Punjab Kings,5,Jitesh Sharma,5,4,1,0,125,Out,IPL24 #58
Punjab Kings vs CSK,Punjab Kings,6,Jitesh Sharma,0,1,0,0,0,Out,IPL24 #53
Punjab Kings vs GT,Punjab Kings,4,Jitesh Sharma,13,12,0,1,108.33,Out,IPL24 #37
Punjab Kings vs MI,Punjab Kings,7,Jitesh Sharma,9,9,1,0,100,Out,IPL24 #33
Punjab Kings vs RR,Punjab Kings,5,Jitesh Sharma,29,24,1,2,120.83,Out,IPL24 #27
Punjab Kings vs SRH,Punjab Kings,7,Jitesh Sharma,19,11,1,1,172.72,Out,IPL24 #23
GT vs Punjab Kings,Punjab Kings,7,Jitesh Sharma,16,8,0,2,200,Out,IPL24 #17
LSG vs Punjab Kings,Punjab Kings,4,Jitesh Sharma,6,9,1,0,66.66,Out,IPL24 #11
RCB vs Punjab Kings,Punjab Kings,6,Jitesh Sharma,27,20,1,2,135,Out,IPL24 #6
Punjab Kings vs DC,Punjab Kings,5,Jitesh Sharma,9,9,1,0,100,Out,IPL24 #2
RR vs Punjab Kings,Punjab Kings,2,Jonny Bairstow,14,22,1,0,63.63,Out,IPL24 #64
Punjab Kings vs RCB,Punjab Kings,2,Jonny Bairstow,27,16,4,1,168.75,Out,IPL24 #58
Punjab Kings vs CSK,Punjab Kings,2,Jonny Bairstow,7,6,1,0,116.66,Out,IPL24 #53
CSK vs Punjab Kings,Punjab Kings,2,Jonny Bairstow,46,30,7,1,153.33,Out,IPL24 #49
KKR vs Punjab Kings,Punjab Kings,2,Jonny Bairstow,108,48,8,9,225,Not-Out,IPL24 #42
Punjab Kings vs RR,Punjab Kings,2,Jonny Bairstow,15,19,1,0,78.94,Out,IPL24 #27
Punjab Kings vs SRH,Punjab Kings,2,Jonny Bairstow,0,3,0,0,0,Out,IPL24 #23
GT vs Punjab Kings,Punjab Kings,2,Jonny Bairstow,22,13,4,0,169.23,Out,IPL24 #17
LSG vs Punjab Kings,Punjab Kings,2,Jonny Bairstow,42,29,3,3,144.82,Out,IPL24 #11
RCB vs Punjab Kings,Punjab Kings,2,Jonny Bairstow,8,6,2,0,133.33,Out,IPL24 #6
Punjab Kings vs DC,Punjab Kings,2,Jonny Bairstow,9,3,2,0,300,Out,IPL24 #2
CSK vs RR,RR,2,Jos Buttler,21,25,2,0,84,Out,IPL24 #61
DC vs RR,RR,2,Jos Buttler,19,17,2,1,111.76,Out,IPL24 #56
SRH vs RR,RR,2,Jos Buttler,0,1,0,0,0,Out,IPL24 #50
LSG vs RR,RR,2,Jos Buttler,34,18,4,1,188.88,Out,IPL24 #44
RR vs MI,RR,2,Jos Buttler,35,25,6,0,140,Out,IPL24 #38
KKR vs RR,RR,2,Jos Buttler,107,60,9,6,178.33,Not-Out,IPL24 #31
RR vs GT,RR,2,Jos Buttler,8,10,0,0,80,Out,IPL24 #24
RR vs RCB,RR,2,Jos Buttler,100,58,9,4,172.41,Not-Out,IPL24 #19
MI vs RR,RR,2,Jos Buttler,13,16,2,0,81.25,Out,IPL24 #14
RR vs DC,RR,2,Jos Buttler,11,16,0,0,68.75,Out,IPL24 #9
RR vs LSG,RR,2,Jos Buttler,11,9,2,0,122.22,Out,IPL24 #4
Punjab Kings vs CSK,Punjab Kings,11,Kagiso Rabada,11,10,0,1,110,Not-Out,IPL24 #53
Punjab Kings vs GT,Punjab Kings,11,Kagiso Rabada,1,1,0,0,100,Not-Out,IPL24 #37
Punjab Kings vs MI,Punjab Kings,11,Kagiso Rabada,8,3,0,1,266.66,Out,IPL24 #33
LSG vs GT,GT,3,Kane Williamson,1,5,0,0,20,Out,IPL24 #21
GT vs Punjab Kings,GT,3,Kane Williamson,26,22,4,0,118.18,Out,IPL24 #17
RR vs RCB,RCB,9,Karn Sharma,5,4,1,0,125,Out,IPL24 #69
RCB vs DC,RCB,9,Karn Sharma,6,4,1,0,150,Out,IPL24 #62
KKR vs RCB,RCB,9,Karn Sharma,20,7,0,3,285.71,Out,IPL24 #36
Punjab Kings vs RR,RR,8,Keshav Maharaj,1,2,0,0,50,Out,IPL24 #27
MI vs LSG,LSG,1,KL Rahul,55,41,3,3,134.14,Out,IPL24 #65
DC vs LSG,LSG,2,KL Rahul,5,3,1,0,166.66,Out,IPL24 #63
SRH vs LSG,LSG,1,KL Rahul,29,33,1,1,87.87,Out,IPL24 #57
LSG vs KKR,LSG,1,KL Rahul,25,21,3,0,119.04,Out,IPL24 #54
LSG vs MI,LSG,1,KL Rahul,28,22,3,1,127.27,Out,IPL24 #48
LSG vs RR,LSG,2,KL Rahul,76,48,8,2,158.33,Out,IPL24 #44
CSK vs LSG,LSG,2,KL Rahul,16,14,1,1,114.28,Out,IPL24 #39
LSG vs CSK,LSG,2,KL Rahul,82,53,9,3,154.71,Out,IPL24 #34
KKR vs LSG,LSG,2,KL Rahul,39,27,3,2,144.44,Out,IPL24 #28
LSG vs DC,LSG,2,KL Rahul,39,22,5,1,177.27,Out,IPL24 #26
LSG vs GT,LSG,2,KL Rahul,33,31,3,0,106.45,Out,IPL24 #21
RCB vs LSG,LSG,2,KL Rahul,20,14,0,2,142.85,Out,IPL24 #15
LSG vs Punjab Kings,LSG,2,KL Rahul,15,9,1,1,166.66,Out,IPL24 #11
RR vs LSG,LSG,2,KL Rahul,58,44,4,2,131.81,Out,IPL24 #4
MI vs LSG,LSG,8,Krunal Pandya,12,7,1,1,171.42,Not-Out,IPL24 #65
DC vs LSG,LSG,7,Krunal Pandya,18,18,2,0,100,Out,IPL24 #63
SRH vs LSG,LSG,4,Krunal Pandya,24,21,0,2,114.28,Out,IPL24 #57
LSG vs KKR,LSG,8,Krunal Pandya,5,6,0,0,83.33,Out,IPL24 #54
LSG vs MI,LSG,8,Krunal Pandya,1,1,0,0,100,Not-Out,IPL24 #48
LSG vs RR,LSG,7,Krunal Pandya,15,11,1,0,136.36,Not-Out,IPL24 #44
KKR vs LSG,LSG,7,Krunal Pandya,7,8,0,0,87.5,Not-Out,IPL24 #28
LSG vs DC,LSG,8,Krunal Pandya,3,4,0,0,75,Out,IPL24 #26
LSG vs GT,LSG,7,Krunal Pandya,2,2,0,0,100,Not-Out,IPL24 #21
RCB vs LSG,LSG,7,Krunal Pandya,0,0,0,0,0,Not-Out,IPL24 #15
LSG vs Punjab Kings,LSG,7,Krunal Pandya,43,22,4,2,195.45,Not-Out,IPL24 #11
RR vs LSG,LSG,8,Krunal Pandya,3,5,0,0,60,Not-Out,IPL24 #4
RCB vs DC,DC,9,Kuldeep Yadav,6,10,0,0,60,Out,IPL24 #62
DC vs RR,DC,9,Kuldeep Yadav,5,2,1,0,250,Not-Out,IPL24 #56
KKR vs DC,DC,9,Kuldeep Yadav,35,26,5,1,134.61,Not-Out,IPL24 #47
DC vs SRH,DC,10,Kuldeep Yadav,0,1,0,0,0,Out,IPL24 #35
Punjab Kings vs DC,DC,10,Kuldeep Yadav,1,2,0,0,50,Out,IPL24 #2
RCB vs DC,DC,5,Kumar Kushagra ,2,3,0,0,66.66,Out,IPL24 #62
KKR vs DC,DC,8,Kumar Kushagra ,1,3,0,0,33.33,Out,IPL24 #47
MI vs DC,DC,8,Kumar Kushagra ,0,1,0,0,0,Out,IPL24 #20
DC vs SRH,DC,7,Lalit Yadav,7,8,1,0,87.5,Out,IPL24 #35
MI vs DC,DC,7,Lalit Yadav,3,4,0,0,75,Out,IPL24 #20
Punjab Kings vs RCB,Punjab Kings,6,Liam Livingstone,0,2,0,0,0,Out,IPL24 #58
Punjab Kings vs GT,Punjab Kings,5,Liam Livingstone,6,9,1,0,66.66,Out,IPL24 #37
Punjab Kings vs MI,Punjab Kings,4,Liam Livingstone,1,2,0,0,50,Out,IPL24 #33
Punjab Kings vs RR,Punjab Kings,7,Liam Livingstone,21,14,2,1,150,Out,IPL24 #27
LSG vs Punjab Kings,Punjab Kings,5,Liam Livingstone,28,17,2,2,164.7,Not-Out,IPL24 #11
RCB vs Punjab Kings,Punjab Kings,4,Liam Livingstone,17,13,1,1,130.76,Out,IPL24 #6
Punjab Kings vs DC,Punjab Kings,6,Liam Livingstone,38,21,2,3,180.95,Not-Out,IPL24 #2
KKR vs DC,DC,11,Lizaad Williams,1,2,0,0,50,Not-Out,IPL24 #47
KKR vs RCB,RCB,11,Lockie Ferguson,1,1,0,0,100,Out,IPL24 #36
DC vs MI,MI,10,Luke Wood,9,3,0,1,300,Not-Out,IPL24 #43
GT vs CSK,GT,4,M Shahrukh Khan ,2,3,0,0,66.66,Out,IPL24 #59
RCB vs GT,GT,4,M Shahrukh Khan ,37,24,5,1,154.16,Out,IPL24 #52
GT vs RCB,GT,4,M Shahrukh Khan ,58,30,3,5,193.33,Out,IPL24 #45
DC vs GT,GT,6,M Shahrukh Khan ,8,5,0,1,160,Out,IPL24 #40
Punjab Kings vs GT,GT,7,M Shahrukh Khan ,8,4,0,1,200,Out,IPL24 #37
GT vs DC,GT,7,M Shahrukh Khan ,0,1,0,0,0,Out,IPL24 #32
RR vs GT,GT,7,M Shahrukh Khan ,14,8,1,1,175,Out,IPL24 #24
RR vs RCB,RCB,6,Mahipal Lomror,32,17,2,2,188.23,Out,IPL24 #69
RCB vs CSK,RCB,7,Mahipal Lomror,0,1,0,0,0,Not-Out,IPL24 #66
RCB vs DC,RCB,6,Mahipal Lomror,13,8,0,1,162.5,Out,IPL24 #62
Punjab Kings vs RCB,RCB,7,Mahipal Lomror,0,2,0,0,0,Out,IPL24 #58
SRH vs RCB,RCB,6,Mahipal Lomror,7,4,1,0,175,Out,IPL24 #41
KKR vs RCB,RCB,7,Mahipal Lomror,4,3,1,0,133.33,Out,IPL24 #36
RCB vs SRH,RCB,7,Mahipal Lomror,19,11,0,2,172.72,Out,IPL24 #30
MI vs RCB,RCB,7,Mahipal Lomror,0,1,0,0,0,Out,IPL24 #25
RCB vs LSG,RCB,7,Mahipal Lomror,33,13,3,3,253.84,Out,IPL24 #15
RCB vs Punjab Kings,RCB,8,Mahipal Lomror,17,8,2,1,212.5,Not-Out,IPL24 #6
RCB vs GT,GT,9,Manav Suthar,1,2,0,0,50,Out,IPL24 #52
MI vs KKR,KKR,7,Manish Pandey,42,31,2,2,135.48,Out,IPL24 #51
MI vs SRH,SRH,6,Marco Jansen,17,12,1,1,141.66,Out,IPL24 #55
KKR vs SRH,SRH,8,Marco Jansen,1,1,0,0,100,Not-Out,IPL24 #3
MI vs LSG,LSG,3,Marcus Stoinis,28,22,5,0,127.27,Out,IPL24 #65
DC vs LSG,LSG,3,Marcus Stoinis,5,7,1,0,71.42,Out,IPL24 #63
SRH vs LSG,LSG,3,Marcus Stoinis,3,5,0,0,60,Out,IPL24 #57
LSG vs KKR,LSG,3,Marcus Stoinis,36,21,4,2,171.42,Out,IPL24 #54
LSG vs MI,LSG,3,Marcus Stoinis,62,45,7,2,137.77,Out,IPL24 #48
LSG vs RR,LSG,3,Marcus Stoinis,0,4,0,0,0,Out,IPL24 #44
CSK vs LSG,LSG,3,Marcus Stoinis,124,63,13,6,196.82,Not-Out,IPL24 #39
LSG vs CSK,LSG,4,Marcus Stoinis,8,7,1,0,114.28,Not-Out,IPL24 #34
KKR vs LSG,LSG,5,Marcus Stoinis,10,5,2,0,200,Out,IPL24 #28
LSG vs DC,LSG,4,Marcus Stoinis,8,10,1,0,80,Out,IPL24 #26
LSG vs GT,LSG,4,Marcus Stoinis,58,43,4,2,134.88,Out,IPL24 #21
RCB vs LSG,LSG,4,Marcus Stoinis,24,15,1,2,160,Out,IPL24 #15
LSG vs Punjab Kings,LSG,4,Marcus Stoinis,19,12,0,2,158.33,Out,IPL24 #11
RR vs LSG,LSG,7,Marcus Stoinis,3,4,0,0,75,Out,IPL24 #4
RR vs GT,GT,3,Matthew Wade,4,6,0,0,66.66,Out,IPL24 #24
MI vs SRH,SRH,3,Mayank Agarwal,5,6,1,0,83.33,Out,IPL24 #55
GT vs SRH,SRH,2,Mayank Agarwal,16,17,2,0,94.11,Out,IPL24 #12
SRH vs MI,SRH,1,Mayank Agarwal,11,13,1,0,84.61,Out,IPL24 #8
KKR vs SRH,SRH,1,Mayank Agarwal,32,21,4,1,152.38,Out,IPL24 #3
RCB vs LSG,RCB,9,Mayank Dagar,0,1,0,0,0,Out,IPL24 #15
DC vs KKR,DC,3,Mitchell Marsh,0,2,0,0,0,Out,IPL24 #16
DC vs CSK,DC,4,Mitchell Marsh,18,12,2,1,150,Out,IPL24 #13
RR vs DC,DC,2,Mitchell Marsh,23,12,5,0,191.66,Out,IPL24 #9
Punjab Kings vs DC,DC,2,Mitchell Marsh,20,12,2,2,166.66,Out,IPL24 #2
RCB vs CSK,CSK,7,Mitchell Santner,3,4,0,0,75,Out,IPL24 #66
GT vs CSK,CSK,9,Mitchell Santner,0,2,0,0,0,Out,IPL24 #59
Punjab Kings vs CSK,CSK,7,Mitchell Santner,11,11,1,0,100,Out,IPL24 #53
KKr vs MI,KKR,9,Mitchell Starc,2,2,0,0,100,Not-Out,IPL24 #60
MI vs KKR,KKR,10,Mitchell Starc,0,2,0,0,0,Out,IPL24 #51
CSK vs KKR,KKR,10,Mitchell Starc,0,3,0,0,0,Out,IPL24 #22
DC vs KKR,KKR,9,Mitchell Starc,1,1,0,0,100,Not-Out,IPL24 #16
KKR vs SRH,KKR,9,Mitchell Starc,6,3,1,0,200,Not-Out,IPL24 #3
CSK vs RR,CSK,4,Moeen Ali,10,13,0,0,76.92,Out,IPL24 #61
GT vs CSK,CSK,5,Moeen Ali,56,36,4,4,155.55,Out,IPL24 #59
Punjab Kings vs CSK,CSK,5,Moeen Ali,17,20,2,0,85,Out,IPL24 #53
CSK vs Punjab Kings,CSK,6,Moeen Ali,15,9,1,1,166.66,Out,IPL24 #49
LSG vs CSK,CSK,7,Moeen Ali,30,20,0,3,150,Out,IPL24 #34
LSG vs MI,MI,8,Mohammad Nabi,1,2,0,0,50,Out,IPL24 #48
DC vs MI,MI,8,Mohammad Nabi,7,4,0,1,175,Out,IPL24 #43
RR vs MI,MI,5,Mohammad Nabi,23,17,2,1,135.29,Out,IPL24 #38
Punjab Kings vs MI,MI,8,Mohammad Nabi,0,1,0,0,0,Out,IPL24 #33
MI vs CSK,MI,8,Mohammad Nabi,4,7,0,0,57.14,Not-Out,IPL24 #29
RCB vs DC,RCB,10,Mohammed Siraj,0,0,0,0,0,Out,IPL24 #62
KKR vs RCB,RCB,10,Mohammed Siraj,0,0,0,0,0,Not-Out,IPL24 #36
RCB vs LSG,RCB,11,Mohammed Siraj,12,8,0,2,150,Out,IPL24 #15
RCB vs GT,GT,10,Mohit Sharma,0,1,0,0,0,Out,IPL24 #52
DC vs GT,GT,10,Mohit Sharma,0,0,0,0,0,Not-Out,IPL24 #40
GT vs DC,GT,9,Mohit Sharma,2,14,0,0,14.28,Out,IPL24 #32
LSG vs Punjab Kings,LSG,9,Mohsin Khan,2,1,0,0,200,Out,IPL24 #11
RCB vs CSK,CSK,8,MS Dhoni,25,13,3,1,192.3,Out,IPL24 #66
GT vs CSK,CSK,8,MS Dhoni,26,11,1,3,236.36,Not-Out,IPL24 #59
Punjab Kings vs CSK,CSK,9,MS Dhoni,0,1,0,0,0,Out,IPL24 #53
CSK vs Punjab Kings,CSK,7,MS Dhoni,14,11,1,1,127.27,Out,IPL24 #49
CSK vs SRH,CSk,5,MS Dhoni,5,2,1,0,250,Not-Out,IPL24 #46
CSK vs LSG,CSk,6,MS Dhoni,4,1,1,0,400,Not-Out,IPL24 #39
LSG vs CSK,CSK,8,MS Dhoni,28,9,3,2,311.11,Not-Out,IPL24 #34
MI vs CSK,CSK,6,MS Dhoni,20,4,0,3,500,Not-Out,IPL24 #29
CSK vs KKR,CSK,5,MS Dhoni,1,3,0,0,33.33,Not-Out,IPL24 #22
SRH vs CSK,CSK,7,MS Dhoni,1,2,0,0,50,Not-Out,IPL24 #18
DC vs CSK,CSK,8,MS Dhoni,37,16,4,3,231.25,Not-Out,IPL24 #13
RCB vs DC,DC,10,Mukesh Kumar,3,7,0,0,42.85,Out,IPL24 #62
DC vs SRH,DC,11,Mukesh Kumar,0,2,0,0,0,Not-Out,IPL24 #35
MI vs LSG,MI,7,Naman Dhir,62,28,4,5,221.42,Not-Out,IPL24 #65
KKr vs MI,MI,8,Naman Dhir,17,6,1,2,283.33,Out,IPL24 #60
MI vs SRH,MI,3,Naman Dhir,0,9,0,0,0,Out,IPL24 #55
MI vs KKR,MI,3,Naman Dhir,11,11,2,0,100,Out,IPL24 #51
MI vs RR,MI,3,Naman Dhir,0,1,0,0,0,Out,IPL24 #14
SRH vs MI,MI,3,Naman Dhir,30,14,2,2,214.28,Out,IPL24 #8
GT vs MI,MI,3,Naman Dhir,20,10,3,1,200,Out,IPL24 #5
DC vs LSG,LSG,11,Naveen-ul-Haq,2,4,0,0,50,Not-Out,IPL24 #63
LSG vs KKR,LSG,11,Naveen-ul-Haq,0,0,0,0,0,Not-Out,IPL24 #54
LSG vs Punjab Kings,LSG,10,Naveen-ul-Haq,0,0,0,0,0,Not-Out,IPL24 #11
MI vs LSG,MI,6,Nehal Wadhera,1,3,0,0,33.33,Out,IPL24 #65
KKr vs MI,MI,7,Nehal Wadhera,3,3,0,0,100,Out,IPL24 #60
MI vs KKR,MI,6,Nehal Wadhera,6,11,1,0,54.54,Out,IPL24 #51
LSG vs MI,MI,6,Nehal Wadhera,46,41,4,2,112.19,Out,IPL24 #48
DC vs MI,MI,6,Nehal Wadhera,4,2,1,0,200,Out,IPL24 #43
RR vs MI,MI,6,Nehal Wadhera,49,24,3,4,204.16,Out,IPL24 #38
MI vs LSG,LSG,5,Nicholas Pooran,75,29,5,8,258.62,Out,IPL24 #65
DC vs LSG,LSG,5,Nicholas Pooran,61,27,6,4,225.92,Out,IPL24 #63
SRH vs LSG,LSG,5,Nicholas Pooran,48,26,6,1,184.61,Not-Out,IPL24 #57
LSG vs KKR,LSG,5,Nicholas Pooran,10,8,0,1,125,Out,IPL24 #54
LSG vs MI,LSG,5,Nicholas Pooran,14,14,1,0,100,Not-Out,IPL24 #48
LSG vs RR,LSG,5,Nicholas Pooran,11,11,1,0,100,Out,IPL24 #44
CSK vs LSG,LSG,5,Nicholas Pooran,34,15,3,2,226.66,Out,IPL24 #39
LSG vs CSK,LSG,3,Nicholas Pooran,23,12,3,1,191.66,Not-Out,IPL24 #34
KKR vs LSG,LSG,6,Nicholas Pooran,45,32,2,4,140.62,Out,IPL24 #28
LSG vs DC,LSG,5,Nicholas Pooran,0,1,0,0,0,Out,IPL24 #26
LSG vs GT,LSG,5,Nicholas Pooran,32,22,0,3,145.45,Not-Out,IPL24 #21
RCB vs LSG,LSG,5,Nicholas Pooran,40,21,1,5,190.47,Not-Out,IPL24 #15
LSG vs Punjab Kings,LSG,5,Nicholas Pooran,42,21,3,3,200,Out,IPL24 #11
RR vs LSG,LSG,6,Nicholas Pooran,64,41,4,4,156.09,Not-Out,IPL24 #4
KKR vs SRH,SRH,5,Nitish Kumar Reddy,13,10,1,1,130,Out,IPL24 #71
RR vs SRH,SRH,6,Nitish Kumar Reddy,5,10,0,0,50,Out,IPL24 #70
KKR vs SRH,SRH,4,Nitish Kumar Reddy,9,10,1,0,90,Out,IPL24 #68
SRH vs Punjab Kings,SRH,4,Nitish Kumar Reddy,37,25,1,3,148,Out,IPL24 #67
MI vs SRH,SRH,4,Nitish Kumar Reddy,20,15,2,0,133.33,Out,IPL24 #55
SRH vs RR,SRH,4,Nitish Kumar Reddy,76,42,3,8,180.95,Not-Out,IPL24 #50
CSK vs SRH,SRH,5,Nitish Kumar Reddy,15,15,0,0,100,Out,IPL24 #46
SRH vs RCB,SRH,4,Nitish Kumar Reddy,13,13,0,1,100,Out,IPL24 #41
DC vs SRH,SRH,5,Nitish Kumar Reddy,37,27,2,2,137.03,Out,IPL24 #35
Punjab Kings vs SRH,SRH,4,Nitish Kumar Reddy,64,37,4,5,172.97,Out,IPL24 #23
SRH vs CSK,SRH,6,Nitish Kumar Reddy,14,8,1,1,175,Not-Out,IPL24 #18
KKr vs MI,KKR,5,Nitish Rana,33,23,4,1,143.47,Out,IPL24 #60
KKR vs SRH,KKR,5,Nitish Rana,9,11,1,0,81.81,Out,IPL24 #3
RCB vs GT,GT,11,Noor Ahmad,0,0,0,0,0,Not-Out,IPL24 #52
GT vs DC,GT,10,Noor Ahmad,1,7,0,0,14.28,Out,IPL24 #32
RR vs GT,GT,9,Noor Ahmad,0,0,0,0,0,Not-Out,IPL24 #24
LSG vs GT,GT,11,Noor Ahmad,4,2,1,0,200,Out,IPL24 #21
KKR vs SRH,SRH,9,Pat Cummins,24,19,2,1,126.31,Out,IPL24 #71
RR vs SRH,SRH,9,Pat Cummins,5,5,1,0,100,Not-Out,IPL24 #70
KKR vs SRH,SRH,9,Pat Cummins,30,24,2,2,125,Out,IPL24 #68
MI vs SRH,SRH,9,Pat Cummins,35,17,2,2,205.88,Not-Out,IPL24 #55
CSK vs SRH,SRH,9,Pat Cummins,5,7,1,0,71.42,Out,IPL24 #46
SRH vs RCB,SRH,8,Pat Cummins,31,15,1,3,206.66,Out,IPL24 #41
DC vs SRH,SRH,8,Pat Cummins,1,1,0,0,100,Out,IPL24 #35
Punjab Kings vs SRH,SRH,9,Pat Cummins,3,4,0,0,75,Out,IPL24 #23
GT vs SRH,SRH,10,Pat Cummins,2,2,0,0,100,Not-Out,IPL24 #12
KKR vs SRH,SRH,9,Pat Cummins,0,1,0,0,0,Not-Out,IPL24 #3
KKr vs MI,KKR,1,Phil Salt,6,5,0,1,120,Out,IPL24 #60
LSG vs KKR,KKR,1,Phil Salt,32,14,5,1,228.57,Out,IPL24 #54
MI vs KKR,KKR,1,Phil Salt,5,3,1,0,166.66,Out,IPL24 #51
KKR vs DC,KKR,1,Phil Salt,68,33,7,5,206.06,Out,IPL24 #47
KKR vs Punjab Kings,KKR,1,Phil Salt,75,37,6,6,202.7,Out,IPL24 #42
KKR vs RCB,KKR,1,Phil Salt,48,14,7,3,342.85,Out,IPL24 #36
KKR vs RR,KKR,1,Phil Salt,10,13,1,0,76.92,Out,IPL24 #31
KKR vs LSG,KKR,1,Phil Salt,89,47,14,3,189.36,Not-Out,IPL24 #28
CSK vs KKR,KKR,1,Phil Salt,0,1,0,0,0,Out,IPL24 #22
DC vs KKR,KKR,1,Phil Salt,18,12,4,0,150,Out,IPL24 #16
RCB vs KKR,KKR,1,Phil Salt,30,20,2,2,150,Out,IPL24 #10
KKR vs SRH,KKR,1,Phil Salt,54,40,3,3,135,Out,IPL24 #3
KKr vs MI,MI,10,Piyush Chawla,1,2,0,0,50,Not-Out,IPL24 #60
MI vs KKR,MI,10,Piyush Chawla,0,1,0,0,0,Out,IPL24 #51
DC vs MI,MI,9,Piyush Chawla,10,4,1,1,250,Out,IPL24 #43
RR vs MI,MI,10,Piyush Chawla,1,1,0,0,100,Not-Out,IPL24 #38
MI vs RR,MI,7,Piyush Chawla,3,6,0,0,50,Out,IPL24 #14
GT vs MI,MI,10,Piyush Chawla,0,1,0,0,0,Out,IPL24 #5
SRH vs Punjab Kings,Punjab Kings,2,Prabhsimran Singh,71,45,7,4,157.77,Out,IPL24 #67
RR vs Punjab Kings,Punjab Kings,1,Prabhsimran Singh,6,4,1,0,150,Out,IPL24 #64
Punjab Kings vs RCB,Punjab Kings,1,Prabhsimran Singh,6,4,1,0,150,Out,IPL24 #58
Punjab Kings vs CSK,Punjab Kings,1,Prabhsimran Singh,30,23,2,2,130.43,Out,IPL24 #53
CSK vs Punjab Kings,Punjab Kings,1,Prabhsimran Singh,13,10,1,1,130,Out,IPL24 #49
KKR vs Punjab Kings,Punjab Kings,1,Prabhsimran Singh,54,20,4,5,270,Out,IPL24 #42
Punjab Kings vs GT,Punjab Kings,2,Prabhsimran Singh,35,21,3,3,166.66,Out,IPL24 #37
Punjab Kings vs MI,Punjab Kings,2,Prabhsimran Singh,0,1,0,0,0,Out,IPL24 #33
Punjab Kings vs RR,Punjab Kings,3,Prabhsimran Singh,10,14,1,0,71.42,Out,IPL24 #27
Punjab Kings vs SRH,Punjab Kings,3,Prabhsimran Singh,4,6,1,0,66.66,Out,IPL24 #23
GT vs Punjab Kings,Punjab Kings,3,Prabhsimran Singh,35,24,5,1,145.83,Out,IPL24 #17
LSG vs Punjab Kings,Punjab Kings,3,Prabhsimran Singh,19,7,1,2,271.42,Out,IPL24 #11
RCB vs Punjab Kings,Punjab Kings,3,Prabhsimran Singh,25,17,2,2,147.05,Out,IPL24 #6
Punjab Kings vs DC,Punjab Kings,3,Prabhsimran Singh,26,17,5,0,152.94,Out,IPL24 #2
KKR vs DC,DC,1,Prithvi Shaw,13,7,3,0,185.71,Out,IPL24 #47
DC vs GT,DC,1,Prithvi Shaw,11,7,2,0,157.14,Out,IPL24 #40
DC vs SRH,DC,1,Prithvi Shaw,16,5,4,0,320,Out,IPL24 #35
GT vs DC,DC,1,Prithvi Shaw,7,6,1,0,116.66,Out,IPL24 #32
LSG vs DC,DC,1,Prithvi Shaw,32,22,6,0,145.45,Out,IPL24 #26
MI vs DC,DC,1,Prithvi Shaw,66,40,8,3,165,Out,IPL24 #20
DC vs KKR,DC,2,Prithvi Shaw,10,7,2,0,142.85,Out,IPL24 #16
DC vs CSK,DC,1,Prithvi Shaw,43,27,4,2,159.25,Out,IPL24 #13
DC vs LSG,LSG,1,Quinton de Kock,12,8,2,0,150,Out,IPL24 #63
SRH vs LSG,LSG,2,Quinton de Kock,2,5,0,0,40,Out,IPL24 #57
LSG vs RR,LSG,1,Quinton de Kock,8,3,2,0,266.66,Out,IPL24 #44
CSK vs LSG,LSG,1,Quinton de Kock,0,3,0,0,0,Out,IPL24 #39
LSG vs CSK,LSG,1,Quinton de Kock,54,43,5,1,125.58,Out,IPL24 #34
KKR vs LSG,LSG,1,Quinton de Kock,10,8,2,0,125,Out,IPL24 #28
LSG vs DC,LSG,1,Quinton de Kock,19,13,4,0,146.15,Out,IPL24 #26
LSG vs GT,LSG,1,Quinton de Kock,6,4,0,1,150,Out,IPL24 #21
RCB vs LSG,LSG,1,Quinton de Kock,81,56,8,5,144.64,Out,IPL24 #15
LSG vs Punjab Kings,LSG,1,Quinton de Kock,54,38,5,2,142.1,Out,IPL24 #11
RR vs LSG,LSG,1,Quinton de Kock,4,5,1,0,80,Out,IPL24 #4
RCB vs CSK,CSK,2,Rachin Ravindra,61,37,5,3,164.86,Out,IPL24 #66
CSK vs RR,CSK,1,Rachin Ravindra,27,18,1,2,150,Out,IPL24 #61
GT vs CSK,CSK,2,Rachin Ravindra,1,2,0,0,50,Out,IPL24 #59
LSG vs CSK,CSK,2,Rachin Ravindra,0,1,0,0,0,Out,IPL24 #34
MI vs CSK,CSK,2,Rachin Ravindra,21,16,2,1,131.25,Out,IPL24 #29
CSK vs KKR,CSK,1,Rachin Ravindra,15,8,3,0,187.5,Out,IPL24 #22
SRH vs CSK,CSK,1,Rachin Ravindra,12,9,2,0,133.33,Out,IPL24 #18
DC vs CSK,CSK,2,Rachin Ravindra,2,12,0,0,16.66,Out,IPL24 #13
CSK vs GT,CSK,2,Rachin Ravindra,46,20,6,3,230,Out,IPL24 #7
CSK vs RCB,CSK,2,Rachin Ravindra,37,15,3,3,246.66,Out,IPL24 #1
KKR vs SRH,KKR,1,Rahmanullah Gurbaz,39,32,5,2,121.87,Out,IPL24 #71
KKR vs SRH,KKR,1,Rahmanullah Gurbaz,23,14,2,2,164.28,Out,IPL24 #68
Punjab Kings vs RCB,Punjab Kings,10,Rahul Chahar,5,5,1,0,100,Not-Out,IPL24 #58
Punjab Kings vs CSK,Punjab Kings,10,Rahul Chahar,16,10,2,1,160,Out,IPL24 #53
RCB vs GT,GT,6,Rahul Tewatia,35,21,5,1,166.66,Out,IPL24 #52
DC vs GT,GT,7,Rahul Tewatia,4,5,0,0,80,Out,IPL24 #40
Punjab Kings vs GT,GT,6,Rahul Tewatia,36,18,7,0,200,Not-Out,IPL24 #37
GT vs DC,GT,6,Rahul Tewatia,10,15,1,0,66.66,Out,IPL24 #32
RR vs GT,GT,6,Rahul Tewatia,22,11,3,0,200,Out,IPL24 #24
LSG vs GT,GT,7,Rahul Tewatia,30,25,2,2,120,Out,IPL24 #21
GT vs Punjab Kings,GT,6,Rahul Tewatia,23,8,3,1,287.5,Not-Out,IPL24 #17
CSK vs GT,GT,7,Rahul Tewatia,6,11,1,0,54.54,Out,IPL24 #7
GT vs MI,GT,7,Rahul Tewatia,22,15,2,1,146.66,Out,IPL24 #5
KKR vs SRH,SRH,3,Rahul Tripathi,9,13,1,0,69.23,Out,IPL24 #71
RR vs SRH,SRH,3,Rahul Tripathi,37,15,5,2,246.66,Out,IPL24 #70
KKR vs SRH,SRH,3,Rahul Tripathi,55,35,7,1,157.14,Out,IPL24 #68
SRH vs Punjab Kings,SRH,3,Rahul Tripathi,33,18,4,2,183.33,Out,IPL24 #67
Punjab Kings vs SRH,SRH,5,Rahul Tripathi,11,14,1,0,78.57,Out,IPL24 #23
KKR vs SRH,SRH,3,Rahul Tripathi,20,20,0,1,100,Out,IPL24 #3
RR vs RCB,RCB,4,Rajat Patidar,34,22,2,2,154.54,Out,IPL24 #69
RCB vs CSK,RCB,3,Rajat Patidar,41,23,2,4,178.26,Out,IPL24 #66
RCB vs DC,RCB,4,Rajat Patidar,52,32,3,3,162.5,Out,IPL24 #62
Punjab Kings vs RCB,RCB,4,Rajat Patidar,55,23,3,6,239.13,Out,IPL24 #58
RCB vs GT,RCB,4,Rajat Patidar,2,3,0,0,66.66,Out,IPL24 #52
SRH vs RCB,RCB,4,Rajat Patidar,50,20,2,5,250,Out,IPL24 #41
KKR vs RCB,RCB,4,Rajat Patidar,52,23,3,5,226.08,Out,IPL24 #36
RCB vs SRH,RCB,4,Rajat Patidar,9,5,0,1,180,Out,IPL24 #30
MI vs RCB,RCB,4,Rajat Patidar,50,26,3,4,192.3,Out,IPL24 #25
RCB vs LSG,RCB,3,Rajat Patidar,29,21,2,2,138.09,Out,IPL24 #15
RCB vs KKR,RCB,5,Rajat Patidar,3,4,0,0,75,Out,IPL24 #10
RCB vs Punjab Kings,RCB,4,Rajat Patidar,18,18,1,1,100,Out,IPL24 #6
CSK vs RCB,RCB,3,Rajat Patidar,0,3,0,0,0,Out,IPL24 #1
KKr vs MI,KKR,8,Ramandeep Singh,17,8,1,1,212.5,Not-Out,IPL24 #60
LSG vs KKR,KKR,7,Ramandeep Singh,25,6,1,3,416.66,Not-Out,IPL24 #54
MI vs KKR,KKR,9,Ramandeep Singh,2,4,0,0,50,Out,IPL24 #51
KKR vs Punjab Kings,KKR,7,Ramandeep Singh,6,3,0,1,200,Not-Out,IPL24 #42
KKR vs RCB,KKR,8,Ramandeep Singh,24,9,2,2,266.66,Not-Out,IPL24 #36
KKR vs RR,KKR,8,Ramandeep Singh,1,1,0,0,100,Not-Out,IPL24 #31
CSK vs KKR,KKR,6,Ramandeep Singh,13,12,0,1,108.33,Out,IPL24 #22
DC vs KKR,KKR,8,Ramandeep Singh,2,2,0,0,100,Out,IPL24 #16
KKR vs SRH,KKR,6,Ramandeep Singh,35,17,1,4,205.88,Out,IPL24 #3
RCB vs GT,GT,7,Rashid Khan,18,14,2,1,128.57,Out,IPL24 #52
DC vs GT,GT,8,Rashid Khan,21,11,3,1,190.9,Not-Out,IPL24 #40
Punjab Kings vs GT,GT,8,Rashid Khan,3,3,0,0,100,Out,IPL24 #37
GT vs DC,GT,8,Rashid Khan,31,24,2,1,129.16,Out,IPL24 #32
RR vs GT,GT,8,Rashid Khan,24,11,4,0,218.18,Not-Out,IPL24 #24
LSG vs GT,GT,8,Rashid Khan,0,3,0,0,0,Out,IPL24 #21
CSK vs GT,GT,8,Rashid Khan,1,2,0,0,50,Out,IPL24 #7
GT vs MI,GT,8,Rashid Khan,4,3,0,0,133.33,Not-Out,IPL24 #5
RCB vs DC,DC,8,Rasikh Salam ,10,12,1,0,83.33,Out,IPL24 #62
DC vs RR,DC,8,Rasikh Salam ,9,3,2,0,300,Out,IPL24 #56
KKR vs DC,DC,10,Rasikh Salam ,8,10,1,0,80,Out,IPL24 #47
DC vs KKR,DC,9,Rasikh Salam ,1,5,0,0,20,Out,IPL24 #16
DC vs LSG,LSG,10,Ravi Bishnoi,2,2,0,0,100,Out,IPL24 #63
LSG vs KKR,LSG,10,Ravi Bishnoi,2,3,0,0,66.66,Out,IPL24 #54
LSG vs Punjab Kings,LSG,8,Ravi Bishnoi,0,1,0,0,0,Out,IPL24 #11
RR vs SRH,RR,6,Ravichandran Ashwin,0,3,0,0,0,Out,IPL24 #70
RR vs RCB,RR,8,Ravichandran Ashwin,0,0,0,0,0,Not-Out,IPL24 #69
RR vs Punjab Kings,RR,5,Ravichandran Ashwin,28,19,3,1,147.36,Out,IPL24 #64
CSK vs RR,RR,7,Ravichandran Ashwin,1,1,0,0,100,Not-Out,IPL24 #61
DC vs RR,RR,8,Ravichandran Ashwin,2,3,0,0,66.66,Out,IPL24 #56
SRH vs RR,RR,8,Ravichandran Ashwin,2,2,0,0,100,Not-Out,IPL24 #50
KKR vs RR,RR,6,Ravichandran Ashwin,8,11,1,0,72.72,Out,IPL24 #31
MI vs RR,RR,5,Ravichandran Ashwin,16,16,1,0,100,Out,IPL24 #14
RR vs DC,RR,5,Ravichandran Ashwin,29,19,0,3,152.63,Out,IPL24 #9
RCB vs CSK,CSK,6,Ravindra Jadeja,42,22,3,3,190.9,Not-Out,IPL24 #66
CSK vs RR,CSK,6,Ravindra Jadeja,5,6,0,0,83.33,Out,IPL24 #61
GT vs CSK,CSK,7,Ravindra Jadeja,18,10,2,1,180,Out,IPL24 #59
Punjab Kings vs CSK,CSK,6,Ravindra Jadeja,43,26,3,2,165.38,Out,IPL24 #53
CSK vs Punjab Kings,CSK,4,Ravindra Jadeja,2,4,0,0,50,Out,IPL24 #49
CSK vs LSG,CSk,4,Ravindra Jadeja,16,19,2,0,84.21,Out,IPL24 #39
LSG vs CSK,CSK,4,Ravindra Jadeja,57,40,5,1,142.5,Not-Out,IPL24 #34
SRH vs CSK,CSK,5,Ravindra Jadeja,31,23,4,0,134.78,Not-Out,IPL24 #18
DC vs CSK,CSK,7,Ravindra Jadeja,21,17,2,0,123.52,Not-Out,IPL24 #13
CSK vs GT,CSK,7,Ravindra Jadeja,7,3,1,0,233.33,Out,IPL24 #7
CSK vs RCB,CSK,6,Ravindra Jadeja,25,17,0,1,147.05,Not-Out,IPL24 #1
RCB vs LSG,RCB,10,Reece Topley,3,6,0,0,50,Not-Out,IPL24 #15
Punjab Kings vs CSK,CSK,11,Richard Gleeson ,2,2,0,0,100,Not-Out,IPL24 #53
RR vs DC,DC,3,Ricky Bhui,0,2,0,0,0,Out,IPL24 #9
Punjab Kings vs DC,DC,5,Ricky Bhui,3,7,0,0,42.85,Out,IPL24 #2
SRH vs Punjab Kings,Punjab Kings,3,Rilee Rossouw,49,24,3,4,204.16,Out,IPL24 #67
RR vs Punjab Kings,Punjab Kings,3,Rilee Rossouw,22,13,5,0,169.23,Out,IPL24 #64
Punjab Kings vs RCB,Punjab Kings,3,Rilee Rossouw,61,27,9,3,225.92,Out,IPL24 #58
Punjab Kings vs CSK,Punjab Kings,3,Rilee Rossouw,0,3,0,0,0,Out,IPL24 #53
CSK vs Punjab Kings,Punjab Kings,3,Rilee Rossouw,43,23,5,2,186.95,Out,IPL24 #49
KKR vs Punjab Kings,Punjab Kings,3,Rilee Rossouw,26,16,1,2,162.5,Out,IPL24 #42
Punjab Kings vs GT,Punjab Kings,3,Rilee Rossouw,9,7,2,0,128.57,Out,IPL24 #37
Punjab Kings vs MI,Punjab Kings,3,Rilee Rossouw,1,3,0,0,33.33,Out,IPL24 #33
KKr vs MI,KKR,7,Rinku Singh,20,12,0,2,166.66,Out,IPL24 #60
LSG vs KKR,KKR,5,Rinku Singh,16,11,2,0,145.45,Out,IPL24 #54
MI vs KKR,KKR,6,Rinku Singh,9,8,2,0,112.5,Out,IPL24 #51
KKR vs DC,KKR,3,Rinku Singh,11,11,1,0,100,Out,IPL24 #47
KKR vs Punjab Kings,KKR,6,Rinku Singh,5,4,1,0,125,Out,IPL24 #42
KKR vs RCB,KKR,6,Rinku Singh,24,16,2,1,150,Out,IPL24 #36
KKR vs RR,KKR,6,Rinku Singh,20,9,1,2,222.22,Not-Out,IPL24 #31
CSK vs KKR,KKR,7,Rinku Singh,9,14,0,0,64.28,Out,IPL24 #22
DC vs KKR,KKR,6,Rinku Singh,26,8,1,3,325,Out,IPL24 #16
RCB vs KKR,KKR,5,Rinku Singh,5,5,0,0,100,Not-Out,IPL24 #10
KKR vs SRH,KKR,7,Rinku Singh,23,15,3,0,153.33,Out,IPL24 #3
DC vs LSG,DC,4,Rishabh Pant,33,23,5,0,143.47,Out,IPL24 #63
DC vs RR,DC,5,Rishabh Pant,15,13,0,1,115.38,Out,IPL24 #56
KKR vs DC,DC,5,Rishabh Pant,27,20,2,1,135,Out,IPL24 #47
DC vs MI,DC,4,Rishabh Pant,29,19,2,2,152.63,Out,IPL24 #43
DC vs GT,DC,5,Rishabh Pant,88,43,5,8,204.65,Not-Out,IPL24 #40
DC vs SRH,DC,6,Rishabh Pant,44,35,5,1,125.71,Out,IPL24 #35
GT vs DC,DC,5,Rishabh Pant,16,11,1,1,145.45,Not-Out,IPL24 #32
LSG vs DC,DC,4,Rishabh Pant,41,24,4,2,170.83,Out,IPL24 #26
MI vs DC,DC,5,Rishabh Pant,1,3,0,0,33.33,Out,IPL24 #20
DC vs KKR,DC,5,Rishabh Pant,55,25,4,5,220,Out,IPL24 #16
DC vs CSK,DC,3,Rishabh Pant,51,32,4,3,159.37,Out,IPL24 #13
RR vs DC,DC,4,Rishabh Pant,28,26,2,1,107.69,Out,IPL24 #9
Punjab Kings vs DC,DC,4,Rishabh Pant,18,13,2,0,138.46,Out,IPL24 #2
RR vs SRH,RR,4,Riyan Parag,6,10,0,0,60,Out,IPL24 #70
RR vs RCB,RR,4,Riyan Parag,36,26,2,2,138.46,Out,IPL24 #69
RR vs Punjab Kings,RR,4,Riyan Parag,48,34,6,0,141.17,Out,IPL24 #64
CSK vs RR,RR,4,Riyan Parag,47,35,1,3,134.28,Not-Out,IPL24 #61
DC vs RR,RR,4,Riyan Parag,27,22,1,3,122.72,Out,IPL24 #56
SRH vs RR,RR,4,Riyan Parag,77,49,8,4,157.14,Out,IPL24 #50
LSG vs RR,RR,4,Riyan Parag,14,11,0,1,127.27,Out,IPL24 #44
KKR vs RR,RR,4,Riyan Parag,34,14,4,2,242.85,Out,IPL24 #31
Punjab Kings vs RR,RR,4,Riyan Parag,23,18,1,1,127.77,Out,IPL24 #27
RR vs GT,RR,4,Riyan Parag,76,48,3,5,158.33,Out,IPL24 #24
RR vs RCB,RR,4,Riyan Parag,4,4,1,0,100,Out,IPL24 #19
MI vs RR,RR,4,Riyan Parag,54,39,5,3,138.46,Not-Out,IPL24 #14
RR vs DC,RR,4,Riyan Parag,84,45,7,6,186.66,Not-Out,IPL24 #9
RR vs LSG,RR,4,Riyan Parag,43,29,1,3,148.27,Out,IPL24 #4
MI vs LSG,MI,1,Rohit Sharma,68,38,10,3,178.94,Out,IPL24 #65
KKr vs MI,MI,2,Rohit Sharma,19,24,1,1,79.16,Out,IPL24 #60
MI vs SRH,MI,2,Rohit Sharma,4,5,1,0,80,Out,IPL24 #55
MI vs KKR,MI,2,Rohit Sharma,11,12,0,1,91.66,Out,IPL24 #51
LSG vs MI,MI,2,Rohit Sharma,4,5,1,0,80,Out,IPL24 #48
DC vs MI,MI,2,Rohit Sharma,8,8,1,0,100,Out,IPL24 #43
RR vs MI,MI,1,Rohit Sharma,6,5,1,0,120,Out,IPL24 #38
Punjab Kings vs MI,MI,2,Rohit Sharma,36,25,2,3,144,Out,IPL24 #33
MI vs CSK,MI,1,Rohit Sharma,105,63,11,5,166.66,Not-Out,IPL24 #29
MI vs RCB,MI,2,Rohit Sharma,38,24,3,3,158.33,Out,IPL24 #25
MI vs DC,MI,1,Rohit Sharma,49,27,6,3,181.48,Out,IPL24 #20
MI vs RR,MI,2,Rohit Sharma,0,1,0,0,0,Out,IPL24 #14
SRH vs MI,MI,1,Rohit Sharma,26,12,1,3,216.66,Out,IPL24 #8
GT vs MI,MI,2,Rohit Sharma,43,29,7,1,148.27,Out,IPL24 #5
MI vs LSG,MI,8,Romario Shepherd,1,1,0,0,100,Not-Out,IPL24 #65
Punjab Kings vs MI,MI,7,Romario Shepherd,1,2,0,0,50,Out,IPL24 #33
MI vs CSK,MI,7,Romario Shepherd,1,2,0,0,50,Out,IPL24 #29
MI vs DC,MI,7,Romario Shepherd,39,10,3,4,390,Not-Out,IPL24 #20
SRH vs MI,MI,7,Romario Shepherd,15,6,2,1,250,Not-Out,IPL24 #8
RR vs SRH,RR,8,Rovman Powell,6,12,0,0,50,Out,IPL24 #70
RR vs RCB,RR,7,Rovman Powell,16,8,2,1,200,Not-Out,IPL24 #69
RR vs Punjab Kings,RR,7,Rovman Powell,4,5,1,0,80,Out,IPL24 #64
DC vs RR,RR,6,Rovman Powell,13,10,1,1,130,Out,IPL24 #56
SRH vs RR,RR,6,Rovman Powell,27,15,3,1,180,Out,IPL24 #50
KKR vs RR,RR,8,Rovman Powell,26,13,1,3,200,Out,IPL24 #31
Punjab Kings vs RR,RR,7,Rovman Powell,11,5,2,0,220,Out,IPL24 #27
RCB vs CSK,CSK,1,Ruturaj Gaikwad,0,1,0,0,0,Out,IPL24 #66
CSK vs RR,CSK,2,Ruturaj Gaikwad,42,41,1,2,102.43,Not-Out,IPL24 #61
GT vs CSK,CSK,3,Ruturaj Gaikwad,0,3,0,0,0,Out,IPL24 #59
Punjab Kings vs CSK,CSK,2,Ruturaj Gaikwad,32,21,4,1,152.38,Out,IPL24 #53
CSK vs Punjab Kings,CSK,2,Ruturaj Gaikwad,62,48,5,2,129.16,Out,IPL24 #49
CSK vs SRH,CSk,2,Ruturaj Gaikwad,98,54,10,3,181.48,Out,IPL24 #46
CSK vs LSG,CSk,2,Ruturaj Gaikwad,108,60,12,3,180,Not-Out,IPL24 #39
LSG vs CSK,CSK,3,Ruturaj Gaikwad,17,13,1,0,130.76,Out,IPL24 #34
MI vs CSK,CSK,3,Ruturaj Gaikwad,69,40,5,5,172.5,Out,IPL24 #29
CSK vs KKR,CSK,2,Ruturaj Gaikwad,67,58,9,0,115.51,Not-Out,IPL24 #22
SRH vs CSK,CSK,2,Ruturaj Gaikwad,26,21,3,1,123.8,Out,IPL24 #18
DC vs CSK,CSK,1,Ruturaj Gaikwad,1,2,0,0,50,Out,IPL24 #13
CSK vs GT,CSK,1,Ruturaj Gaikwad,46,36,5,1,127.77,Out,IPL24 #7
CSK vs RCB,CSK,1,Ruturaj Gaikwad,15,15,3,0,100,Out,IPL24 #1
DC vs GT,GT,9,Sai Kishore ,13,6,0,2,216.66,Out,IPL24 #40
Punjab Kings vs GT,GT,9,Sai Kishore ,0,0,0,0,0,Not-Out,IPL24 #37
GT vs CSK,GT,1,Sai Sudarshan,103,51,5,7,201.96,Out,IPL24 #59
RCB vs GT,GT,3,Sai Sudarshan,6,14,0,0,42.85,Out,IPL24 #52
GT vs RCB,GT,3,Sai Sudarshan,84,49,8,4,171.42,Not-Out,IPL24 #45
DC vs GT,GT,3,Sai Sudarshan,65,39,7,2,166.66,Out,IPL24 #40
Punjab Kings vs GT,GT,3,Sai Sudarshan,31,34,3,0,91.17,Out,IPL24 #37
GT vs DC,GT,3,Sai Sudarshan,12,9,2,0,133.33,Out,IPL24 #32
RR vs GT,GT,1,Sai Sudarshan,35,29,3,1,120.68,Out,IPL24 #24
LSG vs GT,GT,1,Sai Sudarshan,31,23,4,0,134.78,Out,IPL24 #21
GT vs Punjab Kings,GT,4,Sai Sudarshan,33,19,6,0,173.68,Out,IPL24 #17
GT vs SRH,GT,3,Sai Sudarshan,45,36,4,1,125,Out,IPL24 #12
CSK vs GT,GT,3,Sai Sudarshan,37,31,3,0,119.35,Out,IPL24 #7
GT vs MI,GT,3,Sai Sudarshan,45,39,3,1,115.38,Out,IPL24 #5
RR vs Punjab Kings,Punjab Kings,5,Sam Curran,63,41,5,3,153.65,Not-Out,IPL24 #64
Punjab Kings vs RCB,Punjab Kings,7,Sam Curran,22,16,2,0,137.5,Out,IPL24 #58
Punjab Kings vs CSK,Punjab Kings,5,Sam Curran,7,11,0,0,63.63,Out,IPL24 #53
CSK vs Punjab Kings,Punjab Kings,5,Sam Curran,26,20,3,0,130,Not-Out,IPL24 #49
Punjab Kings vs GT,Punjab Kings,1,Sam Curran,20,19,2,0,105.26,Out,IPL24 #37
Punjab Kings vs MI,Punjab Kings,1,Sam Curran,6,7,1,0,85.71,Out,IPL24 #33
Punjab Kings vs RR,Punjab Kings,4,Sam Curran,6,10,0,0,60,Out,IPL24 #27
Punjab Kings vs SRH,Punjab Kings,4,Sam Curran,29,22,2,2,131.81,Out,IPL24 #23
GT vs Punjab Kings,Punjab Kings,4,Sam Curran,5,8,0,0,62.5,Out,IPL24 #17
LSG vs Punjab Kings,Punjab Kings,6,Sam Curran,0,1,0,0,0,Out,IPL24 #11
RCB vs Punjab Kings,Punjab Kings,5,Sam Curran,23,17,3,0,135.29,Out,IPL24 #6
Punjab Kings vs DC,Punjab Kings,4,Sam Curran,63,47,6,1,134.04,Out,IPL24 #2
CSK vs RR,CSK,7,Sameer Rizvi,15,8,3,0,187.5,Not-Out,IPL24 #61
CSK vs Punjab Kings,CSK,5,Sameer Rizvi,21,23,1,0,91.3,Out,IPL24 #49
LSG vs CSK,CSK,6,Sameer Rizvi,1,5,0,0,20,Out,IPL24 #34
DC vs CSK,CSK,6,Sameer Rizvi,0,1,0,0,0,Out,IPL24 #13
CSK vs GT,CSK,6,Sameer Rizvi,14,6,0,2,233.33,Out,IPL24 #7
RR vs SRH,RR,3,Sanju Samson,10,11,1,0,90.9,Out,IPL24 #70
RR vs RCB,RR,3,Sanju Samson,17,13,0,1,130.76,Out,IPL24 #69
RR vs Punjab Kings,RR,3,Sanju Samson,18,15,3,0,120,Out,IPL24 #64
CSK vs RR,RR,3,Sanju Samson,15,19,0,0,78.94,Out,IPL24 #61
DC vs RR,RR,3,Sanju Samson,86,46,8,6,186.95,Out,IPL24 #56
SRH vs RR,RR,3,Sanju Samson,0,3,0,0,0,Out,IPL24 #50
LSG vs RR,RR,3,Sanju Samson,71,33,7,4,215.15,Not-Out,IPL24 #44
RR vs MI,RR,3,Sanju Samson,38,28,2,2,135.71,Not-Out,IPL24 #38
KKR vs RR,RR,3,Sanju Samson,12,8,2,0,150,Out,IPL24 #31
Punjab Kings vs RR,RR,3,Sanju Samson,18,14,1,1,128.57,Out,IPL24 #27
RR vs GT,RR,3,Sanju Samson,68,38,7,2,178.94,Not-Out,IPL24 #24
RR vs RCB,RR,3,Sanju Samson,69,42,8,2,164.28,Out,IPL24 #19
MI vs RR,RR,3,Sanju Samson,12,10,3,0,120,Out,IPL24 #14
RR vs DC,RR,3,Sanju Samson,15,14,3,0,107.14,Out,IPL24 #9
RR vs LSG,RR,3,Sanju Samson,82,52,3,6,157.69,Not-Out,IPL24 #4
KKR vs SRH,SRH,8,Sanvir Singh,0,1,0,0,0,Out,IPL24 #68
SRH vs Punjab Kings,SRH,8,Sanvir Singh,6,4,1,0,150,Not-Out,IPL24 #67
MI vs SRH,SRH,10,Sanvir Singh,8,7,0,0,114.28,Not-Out,IPL24 #55
RCB vs SRH,RCB,5,Saurav Chauhan,0,1,0,0,0,Out,IPL24 #30
MI vs RCB,RCB,8,Saurav Chauhan,9,8,1,0,112.5,Out,IPL24 #25
RR vs RCB,RCB,4,Saurav Chauhan,9,6,0,1,150,Out,IPL24 #19
KKR vs SRH,SRH,7,Shahbaz Ahamad,8,7,0,1,114.28,Out,IPL24 #71
RR vs SRH,SRH,8,Shahbaz Ahamad,18,18,0,1,100,Out,IPL24 #70
KKR vs SRH,SRH,5,Shahbaz Ahamad,0,1,0,0,0,Out,IPL24 #68
SRH vs Punjab Kings,SRH,6,Shahbaz Ahamad,3,6,0,0,50,Out,IPL24 #67
MI vs SRH,SRH,7,Shahbaz Ahamad,10,12,0,0,83.33,Out,IPL24 #55
CSK vs SRH,SRH,8,Shahbaz Ahamad,7,5,1,0,140,Out,IPL24 #46
SRH vs RCB,SRH,6,Shahbaz Ahamad,40,37,1,1,108.1,Not-Out,IPL24 #41
DC vs SRH,SRH,6,Shahbaz Ahamad,59,29,2,5,203.44,Not-Out,IPL24 #35
Punjab Kings vs SRH,SRH,8,Shahbaz Ahamad,14,7,1,1,200,Out,IPL24 #23
SRH vs CSK,SRH,4,Shahbaz Ahamad,18,19,0,1,94.73,Out,IPL24 #18
GT vs SRH,SRH,7,Shahbaz Ahamad,22,20,1,1,110,Out,IPL24 #12
KKR vs SRH,SRH,7,Shahbaz Ahamad,16,5,1,2,320,Out,IPL24 #3
DC vs LSG,DC,3,Shai Hope,38,27,3,2,140.74,Out,IPL24 #63
RCB vs DC,DC,4,Shai Hope,29,23,4,0,126.08,Out,IPL24 #62
DC vs RR,DC,3,Shai Hope,1,1,0,0,100,Out,IPL24 #56
KKR vs DC,DC,4,Shai Hope,6,3,0,1,200,Out,IPL24 #47
DC vs MI,DC,3,Shai Hope,41,17,0,5,241.17,Out,IPL24 #43
DC vs GT,DC,4,Shai Hope,5,6,1,0,83.33,Out,IPL24 #40
GT vs DC,DC,4,Shai Hope,19,10,1,2,190,Out,IPL24 #32
LSG vs DC,DC,6,Shai Hope,11,10,1,0,110,Not-Out,IPL24 #26
Punjab Kings vs DC,DC,3,Shai Hope,33,25,2,2,132,Out,IPL24 #2
GT vs MI,MI,9,Shams Mulani,1,1,0,0,100,Not-Out,IPL24 #5
RCB vs CSK,CSK,9,Shardul Thakur,1,2,0,0,50,Not-Out,IPL24 #66
GT vs CSK,CSK,10,Shardul Thakur,3,4,0,0,75,Not-Out,IPL24 #59
Punjab Kings vs CSK,CSK,8,Shardul Thakur,17,11,2,1,154.54,Out,IPL24 #53
SRH vs Punjab Kings,Punjab Kings,4,Shashank Singh,2,4,0,0,50,Out,IPL24 #67
RR vs Punjab Kings,Punjab Kings,4,Shashank Singh,0,2,0,0,0,Out,IPL24 #64
Punjab Kings vs RCB,Punjab Kings,4,Shashank Singh,37,19,4,2,194.73,Out,IPL24 #58
Punjab Kings vs CSK,Punjab Kings,4,Shashank Singh,27,20,4,0,135,Out,IPL24 #53
CSK vs Punjab Kings,Punjab Kings,4,Shashank Singh,25,26,1,1,96.15,Not-Out,IPL24 #49
KKR vs Punjab Kings,Punjab Kings,4,Shashank Singh,68,28,2,8,242.85,Not-Out,IPL24 #42
Punjab Kings vs GT,Punjab Kings,6,Shashank Singh,8,12,0,0,66.66,Out,IPL24 #37
Punjab Kings vs MI,Punjab Kings,6,Shashank Singh,41,25,2,3,164,Out,IPL24 #33
Punjab Kings vs RR,Punjab Kings,6,Shashank Singh,9,9,1,0,100,Out,IPL24 #27
Punjab Kings vs SRH,Punjab Kings,6,Shashank Singh,46,25,6,1,184,Not-Out,IPL24 #23
GT vs Punjab Kings,Punjab Kings,6,Shashank Singh,61,29,6,4,210.34,Not-Out,IPL24 #17
LSG vs Punjab Kings,Punjab Kings,7,Shashank Singh,9,7,1,0,128.57,Not-Out,IPL24 #11
RCB vs Punjab Kings,Punjab Kings,7,Shashank Singh,21,8,1,2,262.5,Not-Out,IPL24 #6
Punjab Kings vs DC,Punjab Kings,7,Shashank Singh,0,1,0,0,0,Out,IPL24 #2
Punjab Kings vs SRH,Punjab Kings,1,Shikhar Dhawan,14,16,2,0,87.5,Out,IPL24 #23
GT vs Punjab Kings,Punjab Kings,1,Shikhar Dhawan,1,2,0,0,50,Out,IPL24 #17
LSG vs Punjab Kings,Punjab Kings,1,Shikhar Dhawan,70,50,7,3,140,Out,IPL24 #11
RCB vs Punjab Kings,Punjab Kings,1,Shikhar Dhawan,45,37,5,1,121.62,Out,IPL24 #6
Punjab Kings vs DC,Punjab Kings,1,Shikhar Dhawan,22,16,4,0,137.5,Out,IPL24 #2
RR vs SRH,RR,7,Shimron Hetmyer,4,10,0,0,40,Out,IPL24 #70
RR vs RCB,RR,6,Shimron Hetmyer,26,14,3,1,185.71,Out,IPL24 #69
SRH vs RR,RR,5,Shimron Hetmyer,13,9,1,1,144.44,Out,IPL24 #50
KKR vs RR,RR,7,Shimron Hetmyer,0,1,0,0,0,Out,IPL24 #31
Punjab Kings vs RR,RR,6,Shimron Hetmyer,27,10,1,3,270,Not-Out,IPL24 #27
RR vs GT,RR,5,Shimron Hetmyer,13,5,1,1,260,Not-Out,IPL24 #24
RR vs RCB,RR,6,Shimron Hetmyer,11,6,2,0,183.33,Not-Out,IPL24 #19
RR vs DC,RR,7,Shimron Hetmyer,14,7,1,1,200,Not-Out,IPL24 #9
RR vs LSG,RR,5,Shimron Hetmyer,5,7,0,0,71.42,Out,IPL24 #4
RCB vs CSK,CSK,5,Shivam Dube,7,15,0,0,46.66,Out,IPL24 #66
CSK vs RR,CSK,5,Shivam Dube,18,11,2,1,163.63,Out,IPL24 #61
GT vs CSK,CSK,6,Shivam Dube,21,13,2,1,161.53,Out,IPL24 #59
Punjab Kings vs CSK,CSK,4,Shivam Dube,0,1,0,0,0,Out,IPL24 #53
CSK vs Punjab Kings,CSK,3,Shivam Dube,0,1,0,0,0,Out,IPL24 #49
CSK vs SRH,CSk,4,Shivam Dube,39,20,1,4,195,Not-Out,IPL24 #46
CSK vs LSG,CSk,5,Shivam Dube,66,27,3,7,244.44,Out,IPL24 #39
LSG vs CSK,CSK,5,Shivam Dube,3,8,0,0,37.5,Out,IPL24 #34
MI vs CSK,CSK,4,Shivam Dube,66,38,10,2,173.68,Not-Out,IPL24 #29
CSK vs KKR,CSK,4,Shivam Dube,28,18,1,3,155.55,Out,IPL24 #22
SRH vs CSK,CSK,4,Shivam Dube,45,24,2,4,187.5,Out,IPL24 #18
DC vs CSK,CSK,5,Shivam Dube,18,17,1,0,105.88,Out,IPL24 #13
CSK vs GT,CSK,4,Shivam Dube,51,23,2,5,221.73,Out,IPL24 #7
CSK vs RCB,CSK,5,Shivam Dube,34,28,4,1,121.42,Not-Out,IPL24 #1
SRH vs Punjab Kings,Punjab Kings,7,Shivam Singh,2,3,0,0,66.66,Not-Out,IPL24 #67
KKR vs SRH,KKR,4,Shreyas Iyer,6,3,1,0,200,Not-Out,IPL24 #71
KKR vs SRH,KKR,4,Shreyas Iyer,58,24,5,4,241.66,Not-Out,IPL24 #68
KKr vs MI,KKR,4,Shreyas Iyer,7,10,1,0,70,Out,IPL24 #60
LSG vs KKR,KKR,6,Shreyas Iyer,23,15,3,0,153.33,Out,IPL24 #54
MI vs KKR,KKR,4,Shreyas Iyer,6,4,1,0,150,Out,IPL24 #51
KKR vs DC,KKR,4,Shreyas Iyer,33,23,3,1,143.47,Not-Out,IPL24 #47
KKR vs Punjab Kings,KKR,5,Shreyas Iyer,28,10,1,3,280,Out,IPL24 #42
KKR vs RCB,KKR,5,Shreyas Iyer,50,36,7,1,138.88,Out,IPL24 #36
KKR vs RR,KKR,4,Shreyas Iyer,11,7,1,1,157.14,Out,IPL24 #31
KKR vs LSG,KKR,4,Shreyas Iyer,38,38,6,0,100,Not-Out,IPL24 #28
CSK vs KKR,KKR,4,Shreyas Iyer,34,32,3,0,106.25,Out,IPL24 #22
DC vs KKR,KKR,5,Shreyas Iyer,18,11,0,2,163.63,Out,IPL24 #16
RCB vs KKR,KKR,4,Shreyas Iyer,39,24,2,2,162.5,Not-Out,IPL24 #10
KKR vs SRH,KKR,4,Shreyas Iyer,0,2,0,0,0,Out,IPL24 #3
CSK vs RR,RR,6,Shubham Dubey,0,1,0,0,0,Out,IPL24 #61
DC vs RR,RR,5,Shubham Dubey,25,12,2,2,208.33,Out,IPL24 #56
MI vs RR,RR,6,Shubham Dubey,8,6,1,0,133.33,Not-Out,IPL24 #14
GT vs CSK,GT,2,Shubman Gill,104,55,9,6,189.09,Out,IPL24 #59
RCB vs GT,GT,2,Shubman Gill,2,7,0,0,28.57,Out,IPL24 #52
GT vs RCB,GT,2,Shubman Gill,16,19,1,0,84.21,Out,IPL24 #45
DC vs GT,GT,2,Shubman Gill,6,5,1,0,120,Out,IPL24 #40
Punjab Kings vs GT,GT,2,Shubman Gill,35,29,5,0,120.68,Out,IPL24 #37
GT vs DC,GT,2,Shubman Gill,8,6,2,0,133.33,Out,IPL24 #32
RR vs GT,GT,2,Shubman Gill,72,44,6,2,163.63,Out,IPL24 #24
LSG vs GT,GT,2,Shubman Gill,19,21,2,0,90.47,Out,IPL24 #21
GT vs Punjab Kings,GT,2,Shubman Gill,89,48,6,4,185.41,Not-Out,IPL24 #17
GT vs SRH,GT,2,Shubman Gill,36,28,2,1,128.57,Out,IPL24 #12
CSK vs GT,GT,2,Shubman Gill,8,5,0,1,160,Out,IPL24 #7
GT vs MI,GT,2,Shubman Gill,31,22,3,1,140.9,Out,IPL24 #5
Punjab Kings vs SRH,Punjab Kings,5,Sikandar Raza,28,22,2,2,127.27,Out,IPL24 #23
GT vs Punjab Kings,Punjab Kings,5,Sikandar Raza,15,16,0,0,93.75,Out,IPL24 #17
GT vs DC,GT,11,Spencer Johnson,1,1,0,0,100,Not-Out,IPL24 #32
LSG vs GT,GT,10,Spencer Johnson,0,1,0,0,0,Not-Out,IPL24 #21
CSK vs GT,GT,10,Spencer Johnson,5,5,1,0,100,Not-Out,IPL24 #7
GT vs DC,DC,6,Sumit Kumar ,9,9,2,0,100,Not-Out,IPL24 #32
DC vs KKR,DC,8,Sumit Kumar ,7,6,0,1,116.66,Out,IPL24 #16
Punjab Kings vs DC,DC,8,Sumit Kumar ,2,9,0,0,22.22,Out,IPL24 #2
KKR vs SRH,KKR,2,Sunil Narine,6,2,0,1,300,Out,IPL24 #71
KKR vs SRH,KKR,2,Sunil Narine,21,16,4,0,131.25,Out,IPL24 #68
KKr vs MI,KKR,2,Sunil Narine,0,1,0,0,0,Out,IPL24 #60
LSG vs KKR,KKR,2,Sunil Narine,81,39,6,7,207.69,Out,IPL24 #54
MI vs KKR,KKR,2,Sunil Narine,8,8,0,1,100,Out,IPL24 #51
KKR vs DC,KKR,2,Sunil Narine,15,10,3,0,150,Out,IPL24 #47
KKR vs Punjab Kings,KKR,2,Sunil Narine,71,32,9,4,221.87,Out,IPL24 #42
KKR vs RCB,KKR,2,Sunil Narine,10,15,2,0,66.66,Out,IPL24 #36
KKR vs RR,KKR,2,Sunil Narine,109,56,13,6,194.64,Out,IPL24 #31
KKR vs LSG,KKR,2,Sunil Narine,6,6,1,0,100,Out,IPL24 #28
CSK vs KKR,KKR,2,Sunil Narine,27,20,3,2,135,Out,IPL24 #22
DC vs KKR,KKR,2,Sunil Narine,85,39,7,7,217.94,Out,IPL24 #16
RCB vs KKR,KKR,2,Sunil Narine,47,22,2,5,213.63,Out,IPL24 #10
KKR vs SRH,KKR,2,Sunil Narine,2,4,0,0,50,Out,IPL24 #3
MI vs LSG,MI,3,Suryakumar Yadav,0,3,0,0,0,Out,IPL24 #65
KKr vs MI,MI,3,Suryakumar Yadav,11,14,1,0,78.57,Out,IPL24 #60
MI vs SRH,MI,4,Suryakumar Yadav,102,51,12,6,200,Not-Out,IPL24 #55
MI vs KKR,MI,4,Suryakumar Yadav,56,35,6,2,160,Out,IPL24 #51
LSG vs MI,MI,3,Suryakumar Yadav,10,6,0,1,166.66,Out,IPL24 #48
DC vs MI,MI,3,Suryakumar Yadav,26,13,3,2,200,Out,IPL24 #43
RR vs MI,MI,3,Suryakumar Yadav,10,8,2,0,125,Out,IPL24 #38
Punjab Kings vs MI,MI,3,Suryakumar Yadav,78,53,7,3,147.16,Out,IPL24 #33
MI vs CSK,MI,3,Suryakumar Yadav,0,2,0,0,0,Out,IPL24 #29
MI vs RCB,MI,3,Suryakumar Yadav,52,19,5,4,273.68,Out,IPL24 #25
MI vs DC,MI,3,Suryakumar Yadav,0,2,0,0,0,Out,IPL24 #20
KKR vs RCB,RCB,6,Suyash Prabhudessai,24,18,3,0,133.33,Out,IPL24 #36
RR vs RCB,RCB,8,Swapnil Singh,9,4,0,1,225,Not-Out,IPL24 #69
RCB vs DC,RCB,8,Swapnil Singh,0,1,0,0,0,Out,IPL24 #62
Punjab Kings vs RCB,RCB,8,Swapnil Singh,1,1,0,0,100,Not-Out,IPL24 #58
RCB vs GT,RCB,8,Swapnil Singh,15,9,2,1,166.66,Not-Out,IPL24 #52
SRH vs RCB,RCB,8,Swapnil Singh,12,6,1,1,200,Out,IPL24 #41
Punjab Kings vs RR,RR,2,Tanush Kotian,24,31,3,0,77.41,Out,IPL24 #27
KKr vs MI,MI,4,Tilak Varma,32,17,5,1,188.23,Out,IPL24 #60
MI vs SRH,MI,5,Tilak Varma,37,32,6,0,115.62,Not-Out,IPL24 #55
MI vs KKR,MI,5,Tilak Varma,4,6,0,0,66.66,Out,IPL24 #51
LSG vs MI,MI,4,Tilak Varma,7,11,1,0,63.63,Out,IPL24 #48
DC vs MI,MI,4,Tilak Varma,63,32,4,4,196.87,Out,IPL24 #43
RR vs MI,MI,4,Tilak Varma,65,45,5,3,144.44,Out,IPL24 #38
Punjab Kings vs MI,MI,4,Tilak Varma,34,18,2,2,188.88,Not-Out,IPL24 #33
MI vs CSK,MI,4,Tilak Varma,31,20,5,0,155,Out,IPL24 #29
MI vs RCB,MI,5,Tilak Varma,16,10,3,0,160,Not-Out,IPL24 #25
MI vs DC,MI,5,Tilak Varma,6,5,1,0,120,Out,IPL24 #20
MI vs RR,MI,5,Tilak Varma,32,29,0,2,110.34,Out,IPL24 #14
SRH vs MI,MI,4,Tilak Varma,64,34,2,6,188.23,Out,IPL24 #8
GT vs MI,MI,5,Tilak Varma,25,19,1,1,131.57,Out,IPL24 #5
KKr vs MI,MI,6,Tim David,0,3,0,0,0,Out,IPL24 #60
MI vs KKR,MI,8,Tim David,24,20,1,1,120,Out,IPL24 #51
LSG vs MI,MI,7,Tim David,35,18,3,1,194.44,Not-Out,IPL24 #48
DC vs MI,MI,7,Tim David,37,17,2,3,217.64,Out,IPL24 #43
RR vs MI,MI,8,Tim David,3,5,0,0,60,Out,IPL24 #38
Punjab Kings vs MI,MI,6,Tim David,14,7,2,1,200,Out,IPL24 #33
MI vs CSK,MI,6,Tim David,13,5,0,2,260,Out,IPL24 #29
MI vs DC,MI,6,Tim David,45,21,2,4,214.28,Not-Out,IPL24 #20
MI vs RR,MI,8,Tim David,17,24,1,0,70.83,Out,IPL24 #14
SRH vs MI,MI,6,Tim David,42,22,2,3,190.9,Not-Out,IPL24 #8
GT vs MI,MI,6,Tim David,11,10,1,0,110,Out,IPL24 #5
RR vs SRH,RR,2,Tom Kohler-Cadmore,10,16,1,0,62.5,Out,IPL24 #70
RR vs RCB,RR,2,Tom Kohler-Cadmore,20,15,4,0,133.33,Out,IPL24 #69
RR vs Punjab Kings,RR,2,Tom Kohler-Cadmore,18,23,2,1,78.26,Out,IPL24 #64
KKR vs SRH,SRH,2,Travis Head,0,1,0,0,0,Out,IPL24 #71
RR vs SRH,SRH,1,Travis Head,34,28,3,1,121.42,Out,IPL24 #70
KKR vs SRH,SRH,1,Travis Head,0,2,0,0,0,Out,IPL24 #68
SRH vs Punjab Kings,SRH,1,Travis Head,0,1,0,0,0,Out,IPL24 #67
SRH vs LSG,SRH,2,Travis Head,89,30,8,8,296.66,Not-Out,IPL24 #57
MI vs SRH,SRH,1,Travis Head,48,30,7,1,160,Out,IPL24 #55
SRH vs RR,SRH,1,Travis Head,58,44,6,3,131.81,Out,IPL24 #50
CSK vs SRH,SRH,1,Travis Head,13,7,1,1,185.71,Out,IPL24 #46
SRH vs RCB,SRH,2,Travis Head,1,3,0,0,33.33,Out,IPL24 #41
DC vs SRH,SRH,1,Travis Head,89,32,11,6,278.12,Out,IPL24 #35
RCB vs SRH,SRH,2,Travis Head,102,41,9,8,248.78,Out,IPL24 #30
Punjab Kings vs SRH,SRH,1,Travis Head,21,15,4,0,140,Out,IPL24 #23
SRH vs CSK,SRH,1,Travis Head,31,24,3,1,129.16,Out,IPL24 #18
GT vs SRH,SRH,1,Travis Head,19,14,3,0,135.71,Out,IPL24 #12
SRH vs MI,SRH,2,Travis Head,62,24,9,3,258.33,Out,IPL24 #8
RR vs SRH,RR,9,Trent Boult,0,3,0,0,0,Not-Out,IPL24 #70
RR vs Punjab Kings,RR,9,Trent Boult,12,9,2,0,133.33,Out,IPL24 #64
DC vs RR,RR,9,Trent Boult,2,3,0,0,66.66,Not-Out,IPL24 #56
KKR vs RR,RR,9,Trent Boult,0,1,0,0,0,Out,IPL24 #31
Punjab Kings vs RR,RR,9,Trent Boult,0,0,0,0,0,Not-Out,IPL24 #27
DC vs LSG,DC,5,Tristan Stubbs,57,25,3,4,228,Not-Out,IPL24 #63
RCB vs DC,DC,7,Tristan Stubbs,3,4,0,0,75,Out,IPL24 #62
DC vs RR,DC,6,Tristan Stubbs,41,20,3,3,205,Out,IPL24 #56
KKR vs DC,DC,7,Tristan Stubbs,4,7,0,0,57.14,Out,IPL24 #47
DC vs MI,DC,5,Tristan Stubbs,48,25,6,2,192,Not-Out,IPL24 #43
DC vs GT,DC,6,Tristan Stubbs,26,7,3,2,371.42,Not-Out,IPL24 #40
DC vs SRH,DC,5,Tristan Stubbs,10,11,0,0,90.9,Out,IPL24 #35
LSG vs DC,DC,5,Tristan Stubbs,15,9,0,1,166.66,Not-Out,IPL24 #26
MI vs DC,DC,4,Tristan Stubbs,71,25,3,7,284,Not-Out,IPL24 #20
DC vs KKR,DC,6,Tristan Stubbs,54,32,4,4,168.75,Out,IPL24 #16
DC vs CSK,DC,5,Tristan Stubbs,0,2,0,0,0,Out,IPL24 #13
RR vs DC,DC,5,Tristan Stubbs,44,23,2,3,191.3,Not-Out,IPL24 #9
Punjab Kings vs DC,DC,6,Tristan Stubbs,5,8,0,0,62.5,Out,IPL24 #2
Punjab Kings vs CSK,CSK,10,Tushar Deshpande,0,1,0,0,0,Not-Out,IPL24 #53
LSG vs GT,GT,9,Umesh Yadav,2,4,0,0,50,Out,IPL24 #21
CSK vs GT,GT,9,Umesh Yadav,10,11,0,1,90.9,Not-Out,IPL24 #7
MI vs KKR,KKR,11,Vaibhav Arora,0,0,0,0,0,Not-Out,IPL24 #51
CSK vs KKR,KKR,11,Vaibhav Arora,1,1,0,0,100,Not-Out,IPL24 #22
KKR vs SRH,KKR,3,Venkatesh Iyer,52,26,4,3,200,Not-Out,IPL24 #71
KKR vs SRH,KKR,3,Venkatesh Iyer,51,28,5,4,182.14,Not-Out,IPL24 #68
KKr vs MI,KKR,3,Venkatesh Iyer,42,21,6,2,200,Out,IPL24 #60
LSG vs KKR,KKR,8,Venkatesh Iyer,1,1,0,0,100,Not-Out,IPL24 #54
MI vs KKR,KKR,5,Venkatesh Iyer,70,52,6,3,134.61,Out,IPL24 #51
KKR vs DC,KKR,5,Venkatesh Iyer,26,23,2,1,113.04,Not-Out,IPL24 #47
KKR vs Punjab Kings,KKR,3,Venkatesh Iyer,39,23,3,2,169.56,Out,IPL24 #42
KKR vs RCB,KKR,4,Venkatesh Iyer,16,8,3,0,200,Out,IPL24 #36
KKR vs RR,KKR,7,Venkatesh Iyer,8,6,1,0,133.33,Out,IPL24 #31
CSK vs KKR,KKR,5,Venkatesh Iyer,3,8,0,0,37.5,Out,IPL24 #22
DC vs KKR,KKR,7,Venkatesh Iyer,5,2,1,0,250,Not-Out,IPL24 #16
RCB vs KKR,KKR,3,Venkatesh Iyer,50,30,3,4,166.66,Out,IPL24 #10
KKR vs SRH,KKR,3,Venkatesh Iyer,7,5,1,0,140,Out,IPL24 #3
RCB vs GT,GT,8,Vijay Shankar,10,7,2,0,142.85,Out,IPL24 #52
RR vs GT,GT,5,Vijay Shankar,16,10,3,0,160,Out,IPL24 #24
LSG vs GT,GT,5,Vijay Shankar,17,17,0,1,100,Out,IPL24 #21
GT vs Punjab Kings,GT,5,Vijay Shankar,8,10,0,0,80,Out,IPL24 #17
GT vs SRH,GT,5,Vijay Shankar,14,11,2,0,127.27,Not-Out,IPL24 #12
CSK vs GT,GT,4,Vijay Shankar,12,12,0,1,100,Out,IPL24 #7
GT vs MI,GT,6,Vijay Shankar,6,5,0,0,120,Not-Out,IPL24 #5
KKR vs SRH,SRH,11,Vijayakanth Viyaskanth ,7,5,0,0,140,Not-Out,IPL24 #68
RCB vs SRH,RCB,9,Vijaykumar Vyshak ,1,2,0,0,50,Not-Out,IPL24 #30
MI vs RCB,RCB,9,Vijaykumar Vyshak ,0,1,0,0,0,Out,IPL24 #25
RR vs RCB,RCB,1,Virat Kohli,33,24,3,1,137.5,Out,IPL24 #69
RCB vs CSK,RCB,1,Virat Kohli,47,29,3,4,162.06,Out,IPL24 #66
RCB vs DC,RCB,1,Virat Kohli,27,13,1,3,207.69,Out,IPL24 #62
Punjab Kings vs RCB,RCB,1,Virat Kohli,92,47,7,6,195.74,Out,IPL24 #58
RCB vs GT,RCB,1,Virat Kohli,42,27,2,4,155.55,Out,IPL24 #52
GT vs RCB,RCB,1,Virat Kohli,70,44,6,3,159.09,Not-Out,IPL24 #45
SRH vs RCB,RCB,1,Virat Kohli,51,43,4,1,118.6,Out,IPL24 #41
KKR vs RCB,RCB,1,Virat Kohli,18,7,1,2,257.14,Out,IPL24 #36
RCB vs SRH,RCB,1,Virat Kohli,42,20,6,2,210,Out,IPL24 #30
MI vs RCB,RCB,1,Virat Kohli,3,9,0,0,33.33,Out,IPL24 #25
RR vs RCB,RCB,1,Virat Kohli,113,72,12,4,156.94,Not-Out,IPL24 #19
RCB vs LSG,RCB,1,Virat Kohli,22,16,2,1,137.5,Out,IPL24 #15
RCB vs KKR,RCB,1,Virat Kohli,83,59,4,4,140.67,Not-Out,IPL24 #10
RCB vs Punjab Kings,RCB,1,Virat Kohli,77,49,11,2,157.14,Out,IPL24 #6
CSK vs RCB,RCB,1,Virat Kohli,21,20,0,1,105,Out,IPL24 #1
DC vs SRH,SRH,9,Washington Sundar,0,0,0,0,0,Not-Out,IPL24 #35
GT vs SRH,SRH,9,Washington Sundar,0,1,0,0,0,Out,IPL24 #12
RCB vs DC,RCB,3,Will Jacks,41,29,3,2,141.37,Out,IPL24 #62
Punjab Kings vs RCB,RCB,3,Will Jacks,12,7,1,1,171.42,Out,IPL24 #58
RCB vs GT,RCB,3,Will Jacks,1,3,0,0,33.33,Out,IPL24 #52
GT vs RCB,RCB,3,Will Jacks,100,41,5,10,243.9,Not-Out,IPL24 #45
SRH vs RCB,RCB,3,Will Jacks,6,9,0,0,66.66,Out,IPL24 #41
KKR vs RCB,RCB,3,Will Jacks,55,32,4,5,171.87,Out,IPL24 #36
RCB vs SRH,RCB,3,Will Jacks,7,4,1,0,175,Out,IPL24 #30
MI vs RCB,RCB,3,Will Jacks,8,6,2,0,133.33,Out,IPL24 #25
RCB vs GT,GT,1,Wriddhiman Saha,1,7,0,0,14.28,Out,IPL24 #52
GT vs RCB,GT,1,Wriddhiman Saha,5,4,1,0,125,Out,IPL24 #45
DC vs GT,GT,1,Wriddhiman Saha,39,25,5,1,156,Out,IPL24 #40
Punjab Kings vs GT,GT,1,Wriddhiman Saha,13,11,1,0,118.18,Out,IPL24 #37
GT vs DC,GT,1,Wriddhiman Saha,2,10,0,0,20,Out,IPL24 #32
GT vs Punjab Kings,GT,1,Wriddhiman Saha,11,13,2,0,84.61,Out,IPL24 #17
GT vs SRH,GT,1,Wriddhiman Saha,25,13,1,2,192.3,Out,IPL24 #12
CSK vs GT,GT,1,Wriddhiman Saha,21,17,4,0,123.52,Out,IPL24 #7
GT vs MI,GT,1,Wriddhiman Saha,19,15,4,0,126.66,Out,IPL24 #5
RR vs SRH,RR,1,Yashasvi Jaiswal,42,21,4,3,200,Out,IPL24 #70
RR vs RCB,RR,1,Yashasvi Jaiswal,45,30,8,0,150,Out,IPL24 #69
RR vs Punjab Kings,RR,1,Yashasvi Jaiswal,4,4,1,0,100,Out,IPL24 #64
CSK vs RR,RR,1,Yashasvi Jaiswal,24,21,3,1,114.28,Out,IPL24 #61
DC vs RR,RR,1,Yashasvi Jaiswal,4,2,1,0,200,Out,IPL24 #56
SRH vs RR,RR,1,Yashasvi Jaiswal,67,40,7,2,167.5,Out,IPL24 #50
LSG vs RR,RR,1,Yashasvi Jaiswal,24,18,3,1,133.33,Out,IPL24 #44
RR vs MI,RR,1,Yashasvi Jaiswal,104,60,9,7,173.33,Not-Out,IPL24 #38
KKR vs RR,RR,1,Yashasvi Jaiswal,19,9,3,1,211.11,Out,IPL24 #31
Punjab Kings vs RR,RR,1,Yashasvi Jaiswal,39,28,4,0,139.28,Out,IPL24 #27
RR vs GT,RR,1,Yashasvi Jaiswal,24,19,5,0,126.31,Out,IPL24 #24
RR vs RCB,RR,1,Yashasvi Jaiswal,0,2,0,0,0,Out,IPL24 #19
MI vs RR,RR,1,Yashasvi Jaiswal,10,6,2,0,166.66,Out,IPL24 #14
RR vs DC,RR,1,Yashasvi Jaiswal,5,7,1,0,71.42,Out,IPL24 #9
RR vs LSG,RR,1,Yashasvi Jaiswal,24,12,3,1,200,Out,IPL24 #4
DC vs LSG,LSG,9,Yudhvir Singh,14,7,1,1,200,Out,IPL24 #63
LSG vs KKR,LSG,9,Yudhvir Singh,7,7,0,1,100,Out,IPL24 #54
